{"type":"FeatureCollection","source":"Natural Earth 1:10m admin_0_countries (public domain), vereinfacht (CH/LI/DE/AT/FR/IT ~500 m, \u00fcbrige ~2 km)","features":[{"type":"Feature","properties":{"cc":"AT"},"geometry":{"type":"MultiPolygon","coordinates":[[[[16.945,48.6042],[16.9543,48.5574],[16.9491,48.5448],[16.9139,48.5193],[16.8649,48.4581],[16.8445,48.3656],[16.9019,48.3394],[16.9065,48.3315],[16.8984,48.3162],[16.9166,48.2908],[16.9543,48.2731],[16.9819,48.1613],[17.0072,48.1428],[17.0475,48.131],[17.0802,48.0976],[17.0591,48.0604],[17.0751,48.0521],[17.0697,48.0357],[17.1483,48.0054],[17.0856,47.9701],[17.0957,47.9557],[17.0741,47.9321],[17.0875,47.9226],[17.0676,47.8816],[17.0041,47.8633],[17.0044,47.8524],[17.0395,47.8374],[17.0556,47.8124],[17.0406,47.8011],[17.0506,47.731],[17.0754,47.7085],[16.9027,47.682],[16.8647,47.6867],[16.8502,47.7129],[16.7975,47.6755],[16.7304,47.6859],[16.7025,47.7236],[16.6899,47.7296],[16.5678,47.7542],[16.5311,47.743],[16.5269,47.7201],[16.5129,47.706],[16.4545,47.6818],[16.4391,47.6905],[16.4078,47.6613],[16.4819,47.639],[16.5096,47.6431],[16.5755,47.6249],[16.6084,47.6288],[16.6302,47.622],[16.6562,47.5859],[16.6506,47.5666],[16.6814,47.5506],[16.6891,47.538],[16.6774,47.5099],[16.6368,47.4932],[16.6409,47.4529],[16.5894,47.4256],[16.4819,47.3923],[16.4566,47.4118],[16.434,47.3969],[16.4364,47.3585],[16.4244,47.3452],[16.4388,47.3366],[16.4732,47.2768],[16.4666,47.2634],[16.4214,47.2431],[16.4247,47.2256],[16.4093,47.2037],[16.4128,47.1872],[16.4418,47.1771],[16.4337,47.1458],[16.4471,47.1397],[16.4973,47.1497],[16.5095,47.1375],[16.4819,47.1052],[16.4608,47.0963],[16.4543,47.0817],[16.4618,47.0685],[16.4937,47.0598],[16.4932,47.0491],[16.4247,47.0241],[16.4676,47.0184],[16.4864,46.9986],[16.4156,46.9894],[16.3878,47.002],[16.2749,47.0043],[16.2611,46.9781],[16.2329,46.9661],[16.2239,46.9411],[16.1707,46.9185],[16.1101,46.8679],[16.032,46.8376],[15.9817,46.8277],[15.972,46.8206],[15.9782,46.8091],[15.9705,46.743],[15.982,46.7185],[16.0033,46.7092],[16.0146,46.6937],[16.0167,46.6707],[15.987,46.6922],[15.8507,46.7245],[15.7287,46.703],[15.636,46.7176],[15.627,46.6809],[15.6037,46.673],[15.546,46.6719],[15.5307,46.6638],[15.5112,46.6284],[15.4627,46.6146],[15.3881,46.6456],[15.2049,46.639],[15.062,46.6496],[15.0044,46.6368],[14.9672,46.6003],[14.948,46.6193],[14.9336,46.6211],[14.8977,46.6056],[14.8504,46.6011],[14.8223,46.5675],[14.7886,46.5066],[14.7609,46.4963],[14.7097,46.4925],[14.68,46.4589],[14.6621,46.4597],[14.6317,46.4406],[14.5901,46.4344],[14.5577,46.3839],[14.5403,46.3786],[14.5022,46.4184],[14.4509,46.4145],[14.3958,46.441],[14.1499,46.4401],[14.05,46.4844],[13.9823,46.4819],[13.8607,46.5153],[13.7821,46.5078],[13.6703,46.5187],[13.5492,46.5458],[13.5068,46.5469],[13.478,46.5636],[13.3733,46.5658],[13.2714,46.5508],[13.2311,46.5522],[13.1465,46.585],[13.0645,46.598],[12.8304,46.6096],[12.7399,46.643],[12.7066,46.6377],[12.6696,46.653],[12.6202,46.6565],[12.5473,46.6522],[12.4999,46.6721],[12.405,46.6901],[12.3704,46.7112],[12.3427,46.7651],[12.2691,46.7886],[12.2758,46.8463],[12.2666,46.8681],[12.1951,46.8801],[12.1722,46.8992],[12.1269,46.9089],[12.1416,46.9188],[12.1417,46.928],[12.1112,46.993],[12.1217,47.0105],[12.1823,47.0336],[12.2036,47.0533],[12.2042,47.0797],[12.1806,47.0852],[12.1162,47.0766],[12.015,47.0405],[11.9436,47.0382],[11.8995,47.0277],[11.8225,46.9933],[11.7771,46.9883],[11.7349,46.9706],[11.6838,46.9919],[11.5965,47.0004],[11.5244,46.9883],[11.4718,47.0071],[11.4112,46.9705],[11.3138,46.9873],[11.1745,46.9639],[11.0919,46.9124],[11.0543,46.8341],[11.0528,46.8149],[11.0333,46.8056],[10.9969,46.7691],[10.9309,46.774],[10.8704,46.7641],[10.8341,46.7802],[10.7951,46.7769],[10.7548,46.7908],[10.7229,46.7864],[10.7169,46.7952],[10.7487,46.8194],[10.6625,46.861],[10.6294,46.8624],[10.5277,46.8432],[10.4863,46.8464],[10.4538,46.8644],[10.4514,46.8858],[10.4638,46.9197],[10.4585,46.9366],[10.3734,46.9963],[10.3389,46.9841],[10.3137,46.9643],[10.2962,46.9414],[10.2957,46.9227],[10.2351,46.9233],[10.2014,46.8668],[10.132,46.8466],[10.0681,46.8566],[10.0069,46.8908],[9.8999,46.9144],[9.8751,46.9274],[9.8624,46.9398],[9.8706,46.9988],[9.8563,47.0041],[9.858,47.0155],[9.6691,47.0562],[9.5812,47.0569],[9.6088,47.0808],[9.6157,47.1068],[9.6056,47.1323],[9.5818,47.1549],[9.5521,47.1669],[9.5629,47.1977],[9.5404,47.2291],[9.5471,47.243],[9.5212,47.2628],[9.5874,47.3278],[9.601,47.3613],[9.6398,47.3945],[9.6495,47.4097],[9.6503,47.4521],[9.5845,47.4807],[9.555,47.5109],[9.5475,47.5345],[9.6126,47.5219],[9.6767,47.5226],[9.704,47.5314],[9.7309,47.5649],[9.7671,47.5873],[9.7963,47.585],[9.808,47.5763],[9.8131,47.5418],[9.8335,47.5346],[9.8589,47.5413],[9.9188,47.5322],[9.9459,47.5408],[9.9487,47.5242],[9.9717,47.5064],[9.9826,47.481],[9.9936,47.4766],[10.0226,47.488],[10.0806,47.4274],[10.076,47.4169],[10.0532,47.4049],[10.0829,47.3591],[10.1104,47.3674],[10.1308,47.3627],[10.147,47.3738],[10.1909,47.3792],[10.2093,47.3725],[10.1908,47.2983],[10.1687,47.2904],[10.1599,47.2711],[10.2394,47.2777],[10.3059,47.3022],[10.3434,47.3308],[10.3716,47.3674],[10.4116,47.381],[10.4283,47.396],[10.452,47.4388],[10.4476,47.4726],[10.4196,47.493],[10.431,47.5422],[10.4142,47.573],[10.4292,47.577],[10.4571,47.5792],[10.4616,47.5699],[10.4535,47.5462],[10.4825,47.5329],[10.5369,47.5299],[10.5837,47.5625],[10.7399,47.5285],[10.7608,47.5136],[10.8586,47.5307],[10.8922,47.5149],[10.8516,47.4931],[10.8584,47.4852],[10.9099,47.469],[10.9598,47.4325],[10.9631,47.4212],[10.9553,47.4096],[10.9795,47.3905],[11.0837,47.3895],[11.1938,47.4289],[11.2152,47.423],[11.213,47.3958],[11.237,47.394],[11.2588,47.4007],[11.3056,47.4354],[11.3839,47.4449],[11.3925,47.4548],[11.3886,47.4622],[11.3655,47.4693],[11.4126,47.5061],[11.4826,47.5026],[11.5512,47.5137],[11.5694,47.5274],[11.5891,47.5704],[11.6205,47.5897],[11.8203,47.5753],[11.852,47.5992],[11.9359,47.6107],[12.1736,47.6051],[12.2021,47.6298],[12.2068,47.6456],[12.2051,47.6723],[12.1766,47.7058],[12.2422,47.732],[12.2233,47.6959],[12.2387,47.6789],[12.2937,47.69],[12.3515,47.6817],[12.4241,47.6916],[12.4447,47.6563],[12.4966,47.6289],[12.5382,47.6313],[12.5984,47.6629],[12.6531,47.6751],[12.762,47.6669],[12.7517,47.6494],[12.8132,47.6118],[12.7859,47.6027],[12.7737,47.5795],[12.7789,47.5548],[12.8284,47.5373],[12.9316,47.4735],[12.9697,47.4757],[13.0019,47.466],[13.0373,47.493],[13.0281,47.5416],[13.0412,47.5619],[13.0383,47.584],[13.0571,47.5977],[13.072,47.6224],[13.072,47.6595],[13.0446,47.6966],[13.0199,47.7129],[12.964,47.7054],[12.9083,47.7124],[12.892,47.7235],[12.9172,47.7502],[12.9267,47.7774],[12.9912,47.8471],[12.965,47.872],[12.9311,47.9249],[12.862,47.9626],[12.8306,48.0155],[12.7509,48.0747],[12.737,48.1],[12.745,48.1206],[12.7641,48.1238],[12.7824,48.142],[12.8221,48.1607],[12.8626,48.1966],[12.933,48.2093],[13.0328,48.2636],[13.1364,48.2911],[13.2742,48.3071],[13.4056,48.3766],[13.4362,48.4306],[13.4382,48.4785],[13.4592,48.5164],[13.4401,48.561],[13.4546,48.5734],[13.5207,48.5846],[13.6244,48.5654],[13.6581,48.5511],[13.6734,48.5355],[13.7165,48.5217],[13.7339,48.5598],[13.7743,48.5692],[13.8024,48.6117],[13.8009,48.6752],[13.8035,48.6872],[13.8169,48.6956],[13.7836,48.7153],[13.8157,48.7664],[13.8559,48.7593],[13.9823,48.7065],[14.0347,48.6612],[14.0062,48.6395],[14.0152,48.6204],[14.0408,48.6012],[14.0748,48.5917],[14.2165,48.5812],[14.3254,48.5586],[14.4054,48.5863],[14.4212,48.5971],[14.4436,48.6365],[14.4582,48.6432],[14.4821,48.6245],[14.522,48.6106],[14.5942,48.6213],[14.6051,48.6003],[14.6347,48.6023],[14.6592,48.577],[14.6756,48.5762],[14.6957,48.5895],[14.7038,48.6731],[14.7227,48.6934],[14.7754,48.724],[14.8004,48.7765],[14.8676,48.7756],[14.9396,48.7628],[14.9511,48.7803],[14.9381,48.8028],[14.9682,48.885],[14.9646,48.9717],[14.9821,49.0079],[15.1374,48.993],[15.149,48.9653],[15.1419,48.9375],[15.2381,48.9508],[15.2571,48.9639],[15.2669,48.9867],[15.2745,48.9867],[15.2887,48.9754],[15.3579,48.9708],[15.4504,48.9448],[15.5213,48.9085],[15.6813,48.8585],[15.7268,48.855],[15.7792,48.8709],[15.8185,48.8723],[15.8333,48.852],[15.886,48.842],[15.8758,48.8331],[15.8996,48.8347],[15.9081,48.8197],[15.9303,48.8183],[15.9318,48.8064],[16.0323,48.7581],[16.0854,48.7429],[16.1778,48.7465],[16.3395,48.7356],[16.3583,48.7273],[16.385,48.7371],[16.4357,48.7945],[16.4531,48.8022],[16.5195,48.8056],[16.6431,48.7783],[16.662,48.74],[16.6751,48.7339],[16.729,48.7331],[16.7989,48.7092],[16.873,48.719],[16.8967,48.697],[16.9105,48.6308],[16.945,48.6042]]]]}},{"type":"Feature","properties":{"cc":"BE"},"geometry":{"type":"MultiPolygon","coordinates":[[[[2.5218,51.0875],[3.1248,51.3297],[3.3494,51.3752],[3.3532,51.2886],[3.3988,51.2447],[3.5012,51.2403],[3.5143,51.281],[3.6095,51.2904],[3.7762,51.2545],[3.8087,51.2053],[3.927,51.2063],[4.1686,51.2969],[4.2215,51.368],[4.3084,51.2712],[4.3308,51.2961],[4.2893,51.3091],[4.2611,51.3694],[4.4112,51.3567],[4.3771,51.4429],[4.4294,51.462],[4.5252,51.4759],[4.5215,51.4286],[4.6301,51.4182],[4.7787,51.4954],[4.8239,51.4756],[4.8227,51.4137],[4.7621,51.4134],[4.9103,51.3919],[5.0275,51.4768],[5.0799,51.4385],[5.0681,51.3745],[5.1229,51.3134],[5.1973,51.3083],[5.2154,51.2587],[5.4932,51.2865],[5.5684,51.2077],[5.8291,51.1565],[5.846,51.1034],[5.7715,51.0581],[5.7776,51.0236],[5.7224,50.9594],[5.764,50.9594],[5.6245,50.8303],[5.7005,50.7956],[5.7066,50.7542],[5.9949,50.7499],[6.0115,50.7085],[6.081,50.7135],[6.1594,50.6224],[6.2491,50.6144],[6.1607,50.5436],[6.1992,50.4904],[6.3369,50.481],[6.3377,50.3681],[6.3745,50.3155],[6.286,50.3039],[6.2718,50.2674],[6.1572,50.2227],[6.1651,50.1819],[6.1232,50.1649],[6.1175,50.1205],[6.0842,50.1593],[5.9983,50.175],[5.8669,50.0743],[5.7149,49.8819],[5.7581,49.8582],[5.7319,49.86],[5.7277,49.8002],[5.8502,49.714],[5.8458,49.6666],[5.8855,49.6435],[5.8374,49.5611],[5.4561,49.4989],[5.4021,49.6025],[5.2979,49.6133],[5.2994,49.6625],[5.2592,49.6913],[5.1694,49.6872],[4.971,49.7971],[4.849,49.7942],[4.8602,49.9133],[4.7839,49.9583],[4.8629,50.0841],[4.8627,50.1476],[4.7886,50.1534],[4.6819,50.0839],[4.6567,49.9891],[4.4648,49.9356],[4.1317,49.975],[4.1373,50.0251],[4.21,50.0602],[4.1806,50.1272],[4.1258,50.1282],[4.1976,50.2585],[4.1253,50.2571],[4.0033,50.3441],[3.755,50.3463],[3.6969,50.2982],[3.6617,50.3193],[3.6444,50.4455],[3.6083,50.4765],[3.4991,50.4868],[3.4771,50.5199],[3.3611,50.4898],[3.271,50.5269],[3.2324,50.6959],[3.1292,50.7791],[2.9714,50.7578],[2.8869,50.6966],[2.7867,50.7234],[2.6919,50.8088],[2.5867,50.8454],[2.5769,50.9115],[2.6084,50.9611],[2.5218,51.0875]]]]}},{"type":"Feature","properties":{"cc":"CH"},"geometry":{"type":"MultiPolygon","coordinates":[[[[10.4538,46.8644],[10.4449,46.8232],[10.4172,46.7989],[10.4287,46.7556],[10.3997,46.7355],[10.3944,46.7008],[10.3692,46.6724],[10.3775,46.6533],[10.3956,46.6388],[10.4382,46.6357],[10.4591,46.6236],[10.4659,46.5785],[10.444,46.5377],[10.2954,46.5511],[10.2759,46.5655],[10.2347,46.5753],[10.2338,46.618],[10.2179,46.627],[10.1921,46.6268],[10.0878,46.6044],[10.0712,46.5644],[10.0328,46.533],[10.0281,46.4839],[10.044,46.467],[10.0263,46.4463],[10.0421,46.4327],[10.1334,46.414],[10.1408,46.4029],[10.1332,46.3811],[10.105,46.3614],[10.0924,46.3381],[10.1049,46.3094],[10.1461,46.2803],[10.1589,46.2624],[10.1458,46.2433],[10.1179,46.2311],[10.0757,46.22],[10.0427,46.2205],[10.0418,46.2431],[10.0317,46.2601],[9.9776,46.2981],[9.964,46.3561],[9.9184,46.3712],[9.8554,46.367],[9.7681,46.3386],[9.7201,46.3509],[9.7093,46.3424],[9.7084,46.3117],[9.6743,46.2918],[9.5365,46.2986],[9.5026,46.3207],[9.4826,46.3568],[9.4444,46.3753],[9.4346,46.4983],[9.3846,46.4664],[9.3516,46.4855],[9.3508,46.4979],[9.331,46.5015],[9.2823,46.4974],[9.2632,46.4851],[9.238,46.4365],[9.2609,46.4167],[9.2604,46.3797],[9.2752,46.3314],[9.2248,46.2312],[9.1813,46.2041],[9.1632,46.1723],[9.0906,46.1382],[9.0721,46.1189],[9.0703,46.0834],[9.0592,46.0618],[9.0021,46.0393],[8.9978,46.0279],[9.0156,45.9931],[8.9805,45.9644],[9.0108,45.9267],[9.0517,45.9155],[9.0631,45.899],[9.0593,45.882],[9.0344,45.8481],[9.0024,45.8207],[8.9396,45.8348],[8.9,45.8264],[8.9138,45.8661],[8.9121,45.8834],[8.871,45.9471],[8.8004,45.9785],[8.7679,45.9831],[8.8344,46.0664],[8.8089,46.0897],[8.7471,46.0944],[8.7239,46.1095],[8.6951,46.0952],[8.6775,46.0958],[8.6018,46.1228],[8.5103,46.2079],[8.4381,46.2354],[8.4232,46.2758],[8.4429,46.3534],[8.4458,46.4124],[8.4416,46.4349],[8.4279,46.4487],[8.3992,46.4522],[8.3163,46.4337],[8.2866,46.4054],[8.2975,46.3875],[8.2815,46.3701],[8.2417,46.3541],[8.1926,46.3092],[8.1069,46.2855],[8.0873,46.2718],[8.0731,46.2536],[8.0999,46.2356],[8.1295,46.196],[8.1323,46.1594],[8.1106,46.127],[8.0669,46.1006],[8.0253,46.0911],[8.0107,46.0297],[7.9858,45.9993],[7.8982,45.9819],[7.8729,45.9594],[7.8702,45.9404],[7.8496,45.9397],[7.8437,45.9192],[7.8312,45.9145],[7.732,45.9304],[7.7063,45.9257],[7.643,45.9663],[7.5411,45.9841],[7.5244,45.9781],[7.5037,45.9567],[7.453,45.9459],[7.3938,45.9157],[7.3618,45.9078],[7.2867,45.9134],[7.1535,45.8765],[7.0902,45.8805],[7.0669,45.8902],[7.0152,45.9333],[6.9877,45.9931],[6.9151,46.0486],[6.8924,46.0556],[6.8692,46.0441],[6.8509,46.0496],[6.8486,46.085],[6.8692,46.1123],[6.8539,46.1226],[6.7743,46.1348],[6.7657,46.1516],[6.7749,46.1859],[6.8277,46.2695],[6.7504,46.3455],[6.7892,46.3952],[6.7871,46.4142],[6.7627,46.4293],[6.6137,46.4559],[6.547,46.4574],[6.4829,46.4486],[6.3977,46.4082],[6.3016,46.3945],[6.2691,46.375],[6.2195,46.3291],[6.2141,46.3155],[6.2376,46.2679],[6.2523,46.2599],[6.276,46.2631],[6.2812,46.2401],[6.1914,46.1917],[6.1403,46.1502],[6.1079,46.1386],[6.0739,46.1492],[6.0283,46.1479],[5.9588,46.1305],[5.9829,46.1708],[5.9548,46.1999],[5.9585,46.212],[6.0429,46.2431],[6.0897,46.2464],[6.1007,46.3014],[6.1364,46.3593],[6.1351,46.3704],[6.1082,46.3965],[6.0542,46.4194],[6.0676,46.4336],[6.0642,46.4711],[6.1457,46.5516],[6.1215,46.5703],[6.1184,46.5835],[6.2663,46.6804],[6.3379,46.7074],[6.4292,46.7608],[6.4326,46.786],[6.4171,46.8022],[6.4468,46.8577],[6.4452,46.8826],[6.4278,46.9091],[6.4426,46.9442],[6.4911,46.9634],[6.5987,46.9865],[6.6654,47.0213],[6.6883,47.0438],[6.6763,47.0624],[6.6897,47.0783],[6.746,47.1039],[6.7448,47.1211],[6.7748,47.1282],[6.8403,47.1695],[6.8883,47.2113],[6.9562,47.2452],[6.9522,47.27],[6.9586,47.2906],[7.0366,47.3295],[7.0443,47.3405],[7.004,47.3681],[6.8666,47.3542],[6.884,47.3826],[6.9245,47.406],[6.9261,47.4249],[6.9685,47.4352],[6.991,47.4522],[6.9733,47.4891],[7.0098,47.4992],[7.0539,47.4904],[7.1037,47.4963],[7.1808,47.4883],[7.1626,47.4599],[7.1683,47.4436],[7.2381,47.4168],[7.3091,47.4327],[7.3785,47.4306],[7.4063,47.4382],[7.4293,47.4651],[7.4143,47.4902],[7.4674,47.4819],[7.4845,47.4929],[7.4769,47.5149],[7.5011,47.5173],[7.5052,47.533],[7.4827,47.5423],[7.5503,47.5755],[7.637,47.595],[7.6597,47.5966],[7.6465,47.5715],[7.6097,47.5647],[7.6834,47.5443],[7.7667,47.556],[7.7855,47.5632],[7.8197,47.5953],[7.8982,47.5878],[7.9122,47.5606],[8.0423,47.5606],[8.0872,47.5674],[8.1139,47.5878],[8.179,47.6158],[8.233,47.622],[8.2886,47.6158],[8.3063,47.5922],[8.3541,47.581],[8.4489,47.5843],[8.4618,47.6061],[8.4924,47.6198],[8.5224,47.6219],[8.5607,47.5894],[8.5806,47.6002],[8.5803,47.639],[8.5936,47.6426],[8.6016,47.6326],[8.6073,47.6563],[8.5682,47.6629],[8.4583,47.6399],[8.3913,47.6655],[8.3977,47.6763],[8.3921,47.6995],[8.4379,47.7232],[8.4636,47.7639],[8.5516,47.7793],[8.5423,47.795],[8.5582,47.8012],[8.6016,47.7946],[8.6076,47.7623],[8.6174,47.7573],[8.6298,47.7628],[8.635,47.7846],[8.6441,47.791],[8.657,47.7881],[8.6819,47.7587],[8.7131,47.7574],[8.7198,47.7473],[8.7004,47.7235],[8.7171,47.6946],[8.7699,47.6951],[8.7617,47.7013],[8.7707,47.7209],[8.7976,47.72],[8.8561,47.6907],[8.8377,47.6878],[8.8378,47.6808],[8.8817,47.6561],[8.9454,47.6543],[9.0166,47.6789],[9.1834,47.6704],[9.1969,47.6561],[9.2732,47.6501],[9.5475,47.5345],[9.555,47.5109],[9.5845,47.4807],[9.6503,47.4521],[9.6495,47.4097],[9.6398,47.3945],[9.601,47.3613],[9.5874,47.3278],[9.5046,47.2437],[9.4874,47.21],[9.485,47.1763],[9.5119,47.1294],[9.5124,47.108],[9.4759,47.0732],[9.477,47.0639],[9.5606,47.0524],[9.6691,47.0562],[9.858,47.0155],[9.8563,47.0041],[9.8706,46.9988],[9.8624,46.9398],[9.8751,46.9274],[9.8999,46.9144],[10.0069,46.8908],[10.0456,46.8656],[10.1113,46.8471],[10.1578,46.8516],[10.2014,46.8668],[10.2351,46.9233],[10.2957,46.9227],[10.2962,46.9414],[10.3137,46.9643],[10.3389,46.9841],[10.379,46.9955],[10.4585,46.9366],[10.4638,46.9197],[10.4514,46.8858],[10.4538,46.8644]]]]}},{"type":"Feature","properties":{"cc":"CZ"},"geometry":{"type":"MultiPolygon","coordinates":[[[[14.8104,50.8584],[14.9821,50.8591],[14.9966,50.9592],[14.961,50.9927],[15.004,51.0207],[15.1079,50.981],[15.1444,51.0116],[15.2698,50.9527],[15.2561,50.8999],[15.341,50.8317],[15.3561,50.7755],[15.4418,50.8002],[15.6843,50.7314],[15.7922,50.7427],[15.8482,50.6752],[15.9715,50.6786],[15.9986,50.6356],[15.982,50.6036],[16.0865,50.6468],[16.1755,50.6241],[16.232,50.6609],[16.3316,50.644],[16.4259,50.5676],[16.3526,50.4928],[16.2112,50.4513],[16.1996,50.4063],[16.2625,50.3644],[16.3437,50.37],[16.3532,50.3335],[16.535,50.2077],[16.5667,50.1422],[16.6606,50.093],[16.8177,50.1868],[16.9603,50.232],[17.0148,50.2185],[16.8659,50.4084],[16.893,50.4329],[17.1876,50.3785],[17.2109,50.3364],[17.3375,50.313],[17.3417,50.2597],[17.388,50.2726],[17.4242,50.2406],[17.4694,50.2656],[17.6295,50.2621],[17.708,50.311],[17.7382,50.2024],[17.5842,50.1459],[17.6328,50.1063],[17.732,50.0949],[17.7633,50.0252],[17.8394,49.9736],[18.0324,50.0028],[18.0024,50.0468],[18.2925,49.9078],[18.3688,49.932],[18.4818,49.8966],[18.5444,49.913],[18.5938,49.8522],[18.5668,49.8048],[18.624,49.7064],[18.7926,49.6608],[18.8332,49.5103],[18.7325,49.4803],[18.5562,49.4902],[18.4392,49.3951],[18.3876,49.3898],[18.3852,49.3423],[18.19,49.2769],[18.1178,49.2026],[18.0755,49.0472],[17.9141,49.0105],[17.8603,48.9217],[17.5351,48.813],[17.1675,48.8598],[17.0253,48.7463],[16.945,48.6042],[16.873,48.719],[16.6751,48.7339],[16.624,48.7834],[16.4531,48.8022],[16.3583,48.7273],[16.0854,48.7429],[15.8758,48.8331],[15.8185,48.8723],[15.6813,48.8585],[15.2745,48.9867],[15.2381,48.9508],[15.1419,48.9375],[15.1374,48.993],[14.9821,49.0079],[14.9396,48.7628],[14.8004,48.7765],[14.7038,48.6731],[14.6756,48.5762],[14.4582,48.6432],[14.3254,48.5586],[14.0408,48.6012],[14.0062,48.6395],[14.0321,48.6673],[13.9911,48.7002],[13.8157,48.7664],[13.7247,48.8673],[13.6374,48.8935],[13.6087,48.9462],[13.4273,48.96],[13.2995,49.0936],[13.1785,49.1183],[12.9998,49.2949],[12.8847,49.3396],[12.7779,49.3325],[12.6435,49.4295],[12.623,49.5098],[12.502,49.6197],[12.4964,49.67],[12.3836,49.7429],[12.4527,49.7797],[12.5241,49.905],[12.4627,49.9313],[12.4513,49.9806],[12.2469,50.045],[12.1792,50.118],[12.1751,50.1826],[12.0796,50.2427],[12.111,50.2766],[12.0761,50.3152],[12.1493,50.3117],[12.178,50.2688],[12.2396,50.2566],[12.3004,50.1608],[12.3365,50.2586],[12.5102,50.3888],[12.6918,50.3947],[12.8174,50.443],[12.9526,50.4042],[12.9966,50.4337],[13.0096,50.4927],[13.1601,50.497],[13.2323,50.582],[13.3056,50.5758],[13.3688,50.6283],[13.4479,50.5973],[13.5566,50.7067],[13.8345,50.7237],[13.9596,50.8021],[14.0349,50.8026],[14.2321,50.8794],[14.3465,50.8802],[14.3819,50.9209],[14.2383,50.9825],[14.2875,51.0368],[14.3978,51.0131],[14.4821,51.0372],[14.5743,50.9755],[14.5504,50.9121],[14.6292,50.9207],[14.6132,50.8456],[14.7592,50.8102],[14.8104,50.8584]]]]}},{"type":"Feature","properties":{"cc":"DE"},"geometry":{"type":"MultiPolygon","coordinates":[[[[13.8157,48.7664],[13.7836,48.7153],[13.8169,48.6956],[13.8035,48.6872],[13.8009,48.6752],[13.8024,48.6117],[13.7743,48.5692],[13.7339,48.5598],[13.7165,48.5217],[13.6734,48.5355],[13.6581,48.5511],[13.6244,48.5654],[13.5207,48.5846],[13.4546,48.5734],[13.4401,48.561],[13.4592,48.5164],[13.4382,48.4785],[13.4362,48.4306],[13.4056,48.3766],[13.2742,48.3071],[13.1364,48.2911],[13.0328,48.2636],[12.933,48.2093],[12.8626,48.1966],[12.8221,48.1607],[12.7389,48.1134],[12.737,48.1],[12.7509,48.0747],[12.8306,48.0155],[12.862,47.9626],[12.9311,47.9249],[12.965,47.872],[12.9912,47.8471],[12.9267,47.7774],[12.9172,47.7502],[12.892,47.7235],[12.9083,47.7124],[12.964,47.7054],[13.0199,47.7129],[13.0446,47.6966],[13.072,47.6595],[13.072,47.6224],[13.0571,47.5977],[13.0383,47.584],[13.0412,47.5619],[13.0281,47.5416],[13.0373,47.493],[13.0019,47.466],[12.9697,47.4757],[12.9316,47.4735],[12.8284,47.5373],[12.7789,47.5548],[12.7737,47.5795],[12.7859,47.6027],[12.8132,47.6118],[12.7517,47.6494],[12.762,47.6669],[12.6531,47.6751],[12.5984,47.6629],[12.5382,47.6313],[12.4966,47.6289],[12.4447,47.6563],[12.4241,47.6916],[12.3515,47.6817],[12.2937,47.69],[12.2387,47.6789],[12.2233,47.6959],[12.2422,47.732],[12.1766,47.7058],[12.2051,47.6723],[12.2068,47.6456],[12.2021,47.6298],[12.1736,47.6051],[11.9359,47.6107],[11.852,47.5992],[11.8203,47.5753],[11.6205,47.5897],[11.5891,47.5704],[11.5694,47.5274],[11.5512,47.5137],[11.4826,47.5026],[11.4126,47.5061],[11.3655,47.4693],[11.3886,47.4622],[11.3925,47.4548],[11.3839,47.4449],[11.3056,47.4354],[11.2588,47.4007],[11.237,47.394],[11.213,47.3958],[11.2152,47.423],[11.1938,47.4289],[11.0837,47.3895],[10.9795,47.3905],[10.9553,47.4096],[10.9631,47.4212],[10.9598,47.4325],[10.9099,47.469],[10.8584,47.4852],[10.8516,47.4931],[10.8922,47.5149],[10.8586,47.5307],[10.7608,47.5136],[10.7399,47.5285],[10.5837,47.5625],[10.5369,47.5299],[10.4825,47.5329],[10.4535,47.5462],[10.4616,47.5699],[10.4571,47.5792],[10.4292,47.577],[10.4142,47.573],[10.431,47.5422],[10.4196,47.493],[10.4476,47.4726],[10.452,47.4388],[10.4283,47.396],[10.4116,47.381],[10.3716,47.3674],[10.3434,47.3308],[10.3059,47.3022],[10.2394,47.2777],[10.1599,47.2711],[10.1687,47.2904],[10.1908,47.2983],[10.2093,47.3725],[10.1909,47.3792],[10.147,47.3738],[10.1308,47.3627],[10.1104,47.3674],[10.0829,47.3591],[10.0532,47.4049],[10.076,47.4169],[10.0806,47.4274],[10.0718,47.4391],[10.0226,47.488],[9.9936,47.4766],[9.9826,47.481],[9.9717,47.5064],[9.9487,47.5242],[9.9459,47.5408],[9.9188,47.5322],[9.8589,47.5413],[9.8335,47.5346],[9.8131,47.5418],[9.808,47.5763],[9.7821,47.5884],[9.7527,47.5821],[9.704,47.5314],[9.6767,47.5226],[9.6126,47.5219],[9.5499,47.5335],[9.2732,47.6501],[9.1969,47.6561],[9.1834,47.6704],[9.0166,47.6789],[8.9454,47.6543],[8.8817,47.6561],[8.8378,47.6808],[8.8377,47.6878],[8.8561,47.6907],[8.7976,47.72],[8.7707,47.7209],[8.7617,47.7013],[8.7699,47.6951],[8.7171,47.6946],[8.7004,47.7235],[8.7198,47.7473],[8.7131,47.7574],[8.6819,47.7587],[8.657,47.7881],[8.6441,47.791],[8.635,47.7846],[8.6298,47.7628],[8.6174,47.7573],[8.6076,47.7623],[8.6016,47.7946],[8.5831,47.8002],[8.5423,47.795],[8.5516,47.7793],[8.5365,47.7741],[8.4636,47.7639],[8.4379,47.7232],[8.4019,47.7071],[8.391,47.6921],[8.3977,47.6763],[8.3913,47.6655],[8.4583,47.6399],[8.5682,47.6629],[8.6073,47.6563],[8.6016,47.6326],[8.5936,47.6426],[8.5803,47.639],[8.5806,47.6002],[8.5607,47.5894],[8.5224,47.6219],[8.4924,47.6198],[8.4618,47.6061],[8.4489,47.5843],[8.3541,47.581],[8.3063,47.5922],[8.2886,47.6158],[8.233,47.622],[8.179,47.6158],[8.1139,47.5878],[8.0872,47.5674],[8.0423,47.5606],[7.9122,47.5606],[7.8982,47.5878],[7.8197,47.5953],[7.7855,47.5632],[7.7667,47.556],[7.6834,47.5443],[7.6097,47.5647],[7.6359,47.5646],[7.6597,47.5966],[7.586,47.5846],[7.5903,47.6079],[7.5366,47.6652],[7.5179,47.675],[7.5119,47.7073],[7.5378,47.7318],[7.5259,47.7832],[7.5429,47.8294],[7.562,47.8392],[7.559,47.8827],[7.5789,47.9063],[7.5849,47.9404],[7.6211,47.9714],[7.6189,48.0027],[7.5757,48.0537],[7.5726,48.095],[7.5789,48.1145],[7.6134,48.1792],[7.6872,48.2529],[7.7025,48.3112],[7.737,48.3267],[7.7507,48.3414],[7.7383,48.4066],[7.7765,48.4982],[7.8135,48.5195],[7.8017,48.5476],[7.8103,48.615],[7.8524,48.6587],[7.8959,48.6765],[7.9592,48.7214],[7.9701,48.7573],[8.0173,48.7618],[8.0388,48.7908],[8.0903,48.8075],[8.1481,48.9037],[8.2003,48.9586],[8.0904,48.9792],[7.9319,49.0348],[7.8569,49.0323],[7.7737,49.0481],[7.7269,49.0357],[7.6851,49.0428],[7.635,49.0378],[7.6086,49.062],[7.5209,49.0837],[7.471,49.1283],[7.4827,49.1371],[7.4761,49.1515],[7.4148,49.1578],[7.4105,49.1689],[7.351,49.1592],[7.334,49.1342],[7.2971,49.1281],[7.2744,49.105],[7.2412,49.1139],[7.155,49.1144],[7.0799,49.142],[7.0708,49.1361],[7.0732,49.1203],[7.0425,49.1076],[7.0205,49.119],[7.009,49.1464],[7.0095,49.1817],[6.9144,49.2067],[6.8335,49.2095],[6.8277,49.1956],[6.839,49.1628],[6.8218,49.1478],[6.7256,49.1556],[6.701,49.1729],[6.7088,49.1978],[6.7025,49.2136],[6.6806,49.2075],[6.6638,49.2439],[6.6403,49.2528],[6.6397,49.2712],[6.5564,49.3264],[6.5501,49.338],[6.5556,49.3472],[6.5734,49.3477],[6.5777,49.3558],[6.5188,49.4022],[6.5117,49.4247],[6.4027,49.4655],[6.3453,49.4553],[6.3508,49.5666],[6.4179,49.6391],[6.4027,49.6558],[6.4182,49.6699],[6.4917,49.7008],[6.4829,49.7081],[6.4864,49.7129],[6.4997,49.7122],[6.4855,49.7338],[6.496,49.7482],[6.5026,49.7957],[6.3971,49.8086],[6.3344,49.8402],[6.3026,49.8349],[6.2868,49.861],[6.2227,49.8871],[6.1727,49.9562],[6.1619,49.9425],[6.1172,50.0044],[6.1138,50.0364],[6.0964,50.0486],[6.1094,50.0636],[6.0994,50.0641],[6.1106,50.106],[6.1295,50.134],[6.1158,50.1455],[6.1213,50.1616],[6.1591,50.1724],[6.1651,50.1819],[6.1602,50.2045],[6.1468,50.214],[6.1896,50.2427],[6.2718,50.2674],[6.2694,50.2865],[6.286,50.3039],[6.362,50.307],[6.3745,50.3155],[6.3725,50.3294],[6.3377,50.3681],[6.3512,50.4336],[6.3316,50.4469],[6.3233,50.466],[6.3369,50.481],[6.2556,50.4946],[6.2072,50.4863],[6.1826,50.5066],[6.1906,50.5152],[6.1708,50.518],[6.1773,50.5302],[6.1607,50.5436],[6.1791,50.562],[6.2329,50.5871],[6.2491,50.6144],[6.18,50.6155],[6.1594,50.6224],[6.1478,50.6368],[6.1611,50.6422],[6.081,50.7135],[6.0115,50.7085],[6.0108,50.7371],[5.9942,50.7426],[5.9971,50.7629],[5.973,50.7818],[5.9688,50.7946],[5.984,50.7922],[5.9983,50.8007],[6.0005,50.8304],[6.0093,50.8405],[6.0456,50.8442],[6.0567,50.8527],[6.0631,50.8709],[6.0546,50.8915],[6.0637,50.9075],[5.9999,50.9294],[5.9958,50.9518],[6.0037,50.9737],[5.9277,50.9777],[5.8746,50.9654],[5.8736,50.9906],[5.8582,51.0193],[5.8525,51.0428],[5.8805,51.0521],[5.9196,51.0297],[5.938,51.0309],[5.9829,51.0747],[6.1473,51.1523],[6.1263,51.1646],[6.1571,51.1793],[6.1341,51.1842],[6.0843,51.1627],[6.0608,51.1709],[6.0537,51.1894],[6.0566,51.2117],[6.0652,51.2316],[6.1478,51.3182],[6.1936,51.3445],[6.2078,51.3877],[6.1927,51.399],[6.2053,51.4584],[6.1933,51.5093],[6.0865,51.5955],[6.0821,51.6078],[6.0992,51.6445],[6.0315,51.663],[6.0086,51.6812],[6.022,51.7095],[6.0121,51.7159],[5.9783,51.7298],[5.9393,51.7319],[5.9401,51.7426],[5.9624,51.7564],[5.9641,51.7766],[5.9508,51.7959],[5.928,51.8067],[5.9481,51.823],[6.084,51.8537],[6.1561,51.8421],[6.093,51.8853],[6.127,51.8967],[6.2252,51.8625],[6.2647,51.8662],[6.2874,51.8462],[6.342,51.8367],[6.345,51.8211],[6.3825,51.8276],[6.3866,51.8376],[6.3785,51.8601],[6.4629,51.8484],[6.5286,51.8764],[6.6282,51.8975],[6.7167,51.8993],[6.7438,51.9083],[6.7898,51.9511],[6.8107,51.9606],[6.8092,51.9795],[6.7782,52.0013],[6.675,52.0348],[6.6799,52.0605],[6.7114,52.0673],[6.7499,52.1029],[6.8307,52.1129],[6.8848,52.1603],[6.9277,52.1719],[6.9819,52.214],[7.0263,52.2306],[7.0119,52.2666],[7.0125,52.2849],[7.0398,52.3286],[7.0482,52.3651],[7.0342,52.3908],[6.9733,52.4514],[6.9515,52.4375],[6.9002,52.4319],[6.7148,52.4616],[6.6951,52.4756],[6.684,52.526],[6.6717,52.5417],[6.7438,52.5597],[6.704,52.5831],[6.7102,52.6086],[6.7018,52.6191],[6.737,52.6347],[6.8654,52.642],[6.9184,52.6322],[6.9677,52.6367],[7.0185,52.626],[7.0367,52.6474],[7.062,52.824],[7.0799,52.8544],[7.1619,52.9326],[7.1836,52.9661],[7.1928,52.998],[7.1851,53.1054],[7.1719,53.1377],[7.1954,53.185],[7.1946,53.245],[7.2336,53.2736],[7.237,53.2855],[7.2295,53.2966],[7.2547,53.3195],[7.2915,53.3239],[7.3665,53.3028],[7.3425,53.324],[7.3029,53.3327],[7.0752,53.3376],[7.0383,53.3486],[7.0236,53.3764],[7.0233,53.4505],[7.0514,53.5126],[7.0597,53.5217],[7.1196,53.5163],[7.1418,53.5372],[7.1311,53.557],[7.0889,53.5737],[7.0868,53.5869],[7.1009,53.5979],[7.2261,53.6665],[7.305,53.6848],[7.4588,53.6951],[7.5039,53.6787],[7.9514,53.7219],[8.0314,53.7081],[8.0249,53.6726],[8.0529,53.6363],[8.0941,53.6047],[8.1276,53.5908],[8.1192,53.5719],[8.1567,53.5637],[8.168,53.5532],[8.1554,53.526],[8.1157,53.5107],[8.0588,53.502],[8.0862,53.4561],[8.0998,53.4474],[8.1239,53.454],[8.1524,53.4498],[8.2197,53.4064],[8.2487,53.4084],[8.2717,53.4195],[8.3151,53.4749],[8.3205,53.5092],[8.2915,53.5294],[8.2312,53.5252],[8.2573,53.6044],[8.2876,53.6169],[8.3294,53.6181],[8.3485,53.6129],[8.3877,53.5771],[8.4281,53.5648],[8.5521,53.5436],[8.5521,53.5362],[8.5062,53.508],[8.49,53.4864],[8.485,53.4012],[8.5044,53.3581],[8.4976,53.4748],[8.5129,53.4965],[8.5567,53.5182],[8.5658,53.5467],[8.5083,53.6251],[8.4871,53.6669],[8.4861,53.7004],[8.5733,53.8577],[8.6071,53.8815],[8.6519,53.8925],[8.6846,53.8885],[8.7446,53.8542],[8.7825,53.8425],[8.8607,53.831],[9.0163,53.8405],[9.035,53.8536],[9.1145,53.8651],[9.1936,53.8647],[9.2107,53.872],[9.2747,53.8651],[9.3053,53.8445],[9.4027,53.7424],[9.4847,53.6901],[9.4984,53.6599],[9.5671,53.5996],[9.6966,53.5566],[9.832,53.5436],[9.8196,53.5566],[9.7821,53.5697],[9.6924,53.5759],[9.5837,53.6125],[9.5508,53.6346],[9.5322,53.7112],[9.4358,53.7487],[9.4124,53.7788],[9.3952,53.831],[9.3587,53.8395],[9.2578,53.8856],[9.0934,53.8925],[9.03,53.9071],[9.0078,53.8925],[8.9846,53.897],[8.916,53.9374],[8.8333,54.0364],[8.8906,54.0478],[8.9754,54.0241],[8.9972,54.0302],[9.013,54.061],[9.0183,54.0979],[8.9745,54.1281],[8.9773,54.1457],[8.9529,54.1501],[8.918,54.1463],[8.8607,54.1252],[8.8128,54.1805],[8.8467,54.2335],[8.8396,54.2556],[8.922,54.2742],[8.9631,54.3176],[8.8811,54.2903],[8.888,54.3039],[8.7747,54.2903],[8.7389,54.2939],[8.6785,54.2692],[8.6234,54.2901],[8.6027,54.3121],[8.5999,54.3381],[8.614,54.3484],[8.6956,54.3586],[8.6956,54.3654],[8.6506,54.378],[8.6348,54.3654],[8.6262,54.3764],[8.6292,54.3877],[8.6484,54.4064],[8.6698,54.4008],[8.7508,54.4138],[8.8861,54.4178],[9.0047,54.4659],[9.0115,54.4821],[9.0116,54.5063],[8.9045,54.5806],[8.888,54.6019],[8.8582,54.6061],[8.8259,54.5981],[8.819,54.6056],[8.8533,54.6193],[8.8184,54.6737],[8.8054,54.6876],[8.6887,54.7353],[8.6943,54.7602],[8.6484,54.8179],[8.6428,54.8442],[8.6608,54.8963],[8.7328,54.8891],[8.8242,54.9059],[9.1948,54.8504],[9.2115,54.8418],[9.2264,54.8059],[9.2441,54.8018],[9.332,54.8032],[9.385,54.8194],[9.4052,54.8084],[9.4514,54.8104],[9.511,54.8278],[9.5799,54.8663],[9.5832,54.8303],[9.7346,54.8073],[9.8018,54.7834],[9.8237,54.7567],[9.8954,54.7695],[9.8914,54.7903],[9.9151,54.7912],[9.9475,54.7795],[9.9705,54.7626],[9.9905,54.7205],[10.0182,54.7012],[10.0054,54.6955],[9.9705,54.7012],[9.9324,54.6852],[9.9295,54.6739],[9.9963,54.6788],[10.0114,54.6671],[10.0335,54.6729],[10.0391,54.6668],[10.0319,54.6528],[10.0376,54.6191],[10.0269,54.56],[10.0104,54.5343],[9.9656,54.5062],[9.9253,54.4931],[9.8401,54.4821],[9.8401,54.4753],[9.8833,54.4621],[10.1247,54.4958],[10.1434,54.4918],[10.2039,54.461],[10.1839,54.4494],[10.197,54.4101],[10.1913,54.3967],[10.1418,54.3723],[10.1483,54.3652],[10.1418,54.3586],[10.1555,54.3434],[10.1418,54.3244],[10.1803,54.3411],[10.2244,54.4138],[10.2721,54.4201],[10.3184,54.4433],[10.3608,54.4411],[10.4434,54.4064],[10.6011,54.3654],[10.6902,54.3162],[10.7313,54.3102],[10.7771,54.3151],[10.8679,54.3586],[10.9353,54.3795],[11.0188,54.3859],[11.0188,54.3791],[10.9758,54.3784],[11.0105,54.3772],[11.0339,54.3676],[11.1042,54.3929],[11.1355,54.3859],[11.0877,54.3518],[11.0666,54.3586],[11.0945,54.2835],[11.0871,54.2709],[11.0945,54.2251],[11.0902,54.208],[11.0666,54.1839],[10.9505,54.1395],[10.8928,54.1025],[10.8361,54.09],[10.8223,54.0974],[10.8054,54.0949],[10.7526,54.0501],[10.7659,54.0244],[10.7997,54.0006],[10.8755,53.9954],[10.8874,53.9639],[10.9226,53.9614],[10.9647,53.9854],[11.0535,54.0085],[11.1751,54.018],[11.1908,54.0103],[11.2044,53.9892],[11.2454,53.9784],[11.2429,53.9452],[11.2937,53.9409],[11.3342,53.9614],[11.3582,53.9409],[11.3999,53.9409],[11.4387,53.9091],[11.4577,53.9062],[11.4768,53.9527],[11.4724,53.9688],[11.4979,53.9818],[11.4917,54.0023],[11.5259,54.0228],[11.5191,54.0364],[11.5532,54.0302],[11.5735,54.039],[11.5913,54.0656],[11.6245,54.0836],[11.6253,54.1098],[11.6579,54.1422],[11.6897,54.1552],[11.7288,54.1585],[11.8123,54.1498],[12.0506,54.1799],[12.0881,54.1941],[12.0916,54.114],[12.115,54.0979],[12.0951,54.1457],[12.1055,54.1574],[12.1343,54.167],[12.1428,54.1805],[12.1013,54.1737],[12.1089,54.183],[12.1869,54.2434],[12.2894,54.2751],[12.3421,54.3039],[12.4383,54.3958],[12.502,54.4736],[12.5339,54.4883],[12.527,54.4821],[12.5483,54.4621],[12.5915,54.4517],[12.8191,54.4517],[12.8566,54.4411],[12.8796,54.4488],[12.9084,54.4446],[12.9212,54.4335],[12.8708,54.4168],[12.6946,54.4337],[12.6704,54.4201],[12.6242,54.4229],[12.6084,54.4064],[12.6022,54.4138],[12.5817,54.4064],[12.5877,54.394],[12.6022,54.3921],[12.5947,54.3859],[12.554,54.3908],[12.527,54.3723],[12.491,54.3901],[12.4385,54.3875],[12.4185,54.3607],[12.424,54.3449],[12.3967,54.3518],[12.3899,54.3449],[12.3965,54.333],[12.3916,54.3211],[12.3626,54.3102],[12.3801,54.2771],[12.3688,54.2692],[12.4124,54.2514],[12.4368,54.2477],[12.4582,54.2556],[12.4103,54.2692],[12.4263,54.2896],[12.4724,54.3102],[12.4787,54.3319],[12.5606,54.3586],[12.5408,54.3654],[12.5408,54.3723],[12.5742,54.3723],[12.5742,54.3791],[12.5929,54.3693],[12.6773,54.3921],[12.6704,54.4064],[12.6808,54.4109],[12.7175,54.4138],[12.7175,54.4064],[12.6924,54.3962],[12.6841,54.3723],[12.7046,54.3996],[12.735,54.3782],[12.7461,54.3859],[12.7686,54.3801],[12.7871,54.3921],[12.818,54.358],[12.8547,54.3579],[12.876,54.3654],[12.9038,54.3996],[12.9294,54.4144],[13.0088,54.4381],[13.0342,54.4337],[13.0215,54.4265],[13.0286,54.4018],[13.0956,54.3723],[13.0767,54.3525],[13.0807,54.3371],[13.1092,54.3102],[13.1149,54.28],[13.1707,54.2766],[13.1707,54.2692],[13.1434,54.263],[13.1761,54.2648],[13.2888,54.2343],[13.3218,54.1945],[13.3489,54.1805],[13.3215,54.1668],[13.3838,54.1781],[13.4035,54.1737],[13.383,54.1531],[13.4177,54.1531],[13.4651,54.0985],[13.5071,54.0911],[13.4793,54.1252],[13.6027,54.1395],[13.7119,54.1737],[13.7147,54.164],[13.6983,54.1593],[13.6983,54.1531],[13.8081,54.1047],[13.7732,54.0463],[13.7461,54.0364],[13.7976,53.9989],[13.8386,53.9863],[13.8486,53.9556],[13.906,53.9431],[13.9076,53.9335],[13.8901,53.9129],[13.8185,53.878],[13.8081,53.8651],[13.8171,53.8529],[13.8628,53.8413],[13.8999,53.8091],[13.9107,53.8105],[13.9842,53.774],[14.0173,53.7695],[14.0374,53.7553],[14.1865,53.7398],[14.2147,53.7449],[14.2341,53.7618],[14.2645,53.7516],[14.2674,53.7354],[14.2595,53.728],[14.2127,53.7081],[14.2639,53.7],[14.261,53.6562],[14.297,53.5978],[14.2969,53.5291],[14.3042,53.5085],[14.3599,53.4441],[14.4033,53.2788],[14.4416,53.2518],[14.3807,53.1899],[14.3895,53.1317],[14.3433,53.0486],[14.2537,53.0009],[14.1445,52.9599],[14.165,52.8957],[14.1505,52.8646],[14.1239,52.8507],[14.1528,52.8283],[14.216,52.818],[14.2487,52.7946],[14.3822,52.7382],[14.4319,52.6861],[14.4614,52.6746],[14.4901,52.6506],[14.5499,52.6362],[14.6448,52.5769],[14.6168,52.541],[14.6091,52.5178],[14.6323,52.4967],[14.5916,52.4498],[14.5398,52.4219],[14.5454,52.3822],[14.5901,52.3094],[14.5842,52.2912],[14.6066,52.2758],[14.6969,52.2535],[14.7124,52.2359],[14.7121,52.2154],[14.6926,52.1996],[14.707,52.1795],[14.6864,52.121],[14.6964,52.1067],[14.7614,52.0767],[14.7354,52.054],[14.7261,52.0264],[14.6991,51.9925],[14.6956,51.9315],[14.6871,51.9119],[14.6533,51.8786],[14.5959,51.8424],[14.5828,51.8251],[14.5858,51.8039],[14.6342,51.769],[14.6484,51.7172],[14.7195,51.6756],[14.7325,51.6583],[14.7439,51.6066],[14.7127,51.5674],[14.7046,51.548],[14.71,51.5302],[14.7322,51.5158],[14.911,51.469],[14.9554,51.4354],[14.9469,51.4229],[14.961,51.3353],[15.0195,51.2717],[15.0143,51.2427],[15.0221,51.2368],[14.9914,51.189],[14.98,51.1228],[14.9603,51.1046],[14.9553,51.064],[14.9106,50.9927],[14.8602,50.9168],[14.8105,50.8771],[14.8104,50.8584],[14.7851,50.8201],[14.7754,50.813],[14.7375,50.8107],[14.6132,50.8456],[14.6119,50.871],[14.6346,50.9094],[14.6292,50.9207],[14.5618,50.9064],[14.5504,50.9121],[14.5756,50.9507],[14.5743,50.9755],[14.5423,50.9987],[14.5029,51.0085],[14.4821,51.0372],[14.4621,51.0197],[14.3978,51.0131],[14.3759,51.017],[14.3566,51.0323],[14.3194,51.04],[14.2875,51.0368],[14.2636,51.0214],[14.2383,50.9825],[14.3038,50.9697],[14.2937,50.964],[14.2928,50.9535],[14.3183,50.9375],[14.3819,50.9209],[14.3759,50.896],[14.3465,50.8802],[14.2321,50.8794],[14.1908,50.8479],[14.0349,50.8026],[13.9596,50.8021],[13.9233,50.78],[13.8925,50.7804],[13.8791,50.7635],[13.8822,50.7427],[13.8345,50.7237],[13.5566,50.7067],[13.5156,50.691],[13.5272,50.6757],[13.5233,50.6622],[13.4933,50.6432],[13.4982,50.6292],[13.4479,50.5973],[13.407,50.6013],[13.3688,50.6283],[13.3219,50.6024],[13.3056,50.5758],[13.2846,50.569],[13.2323,50.582],[13.1991,50.5253],[13.1601,50.497],[13.0096,50.4927],[12.9966,50.4337],[12.9526,50.4042],[12.9184,50.4054],[12.8174,50.443],[12.7379,50.4315],[12.6918,50.3947],[12.6254,50.3999],[12.5102,50.3888],[12.4751,50.3694],[12.4668,50.3419],[12.3982,50.3152],[12.3672,50.2791],[12.3365,50.2586],[12.3338,50.2427],[12.3087,50.2171],[12.3056,50.1993],[12.3144,50.1673],[12.3004,50.1608],[12.2834,50.1622],[12.2732,50.1723],[12.2543,50.2174],[12.2299,50.2348],[12.2424,50.2484],[12.2396,50.2566],[12.178,50.2688],[12.1685,50.303],[12.1493,50.3117],[12.0761,50.3152],[12.1073,50.2909],[12.111,50.2766],[12.1091,50.2638],[12.0796,50.2427],[12.1751,50.1826],[12.1856,50.1557],[12.1792,50.118],[12.1879,50.1028],[12.2325,50.0805],[12.2469,50.045],[12.4145,49.983],[12.4513,49.9806],[12.4682,49.9702],[12.4627,49.9313],[12.5241,49.905],[12.5129,49.8702],[12.4825,49.8272],[12.4625,49.8312],[12.4527,49.7797],[12.3954,49.7579],[12.3836,49.7429],[12.4196,49.7002],[12.4964,49.67],[12.5046,49.6594],[12.4969,49.6339],[12.5074,49.63],[12.502,49.6197],[12.5466,49.5956],[12.5623,49.5508],[12.5829,49.5224],[12.623,49.5098],[12.6272,49.4602],[12.6435,49.4295],[12.7293,49.3911],[12.7621,49.3432],[12.7779,49.3325],[12.8567,49.3222],[12.8754,49.3239],[12.8709,49.3367],[12.8847,49.3396],[12.9399,49.3268],[12.9998,49.2949],[13.0113,49.2678],[13.0558,49.2382],[13.1495,49.1548],[13.1785,49.1183],[13.2068,49.1075],[13.2673,49.1056],[13.2995,49.0936],[13.3724,49.0385],[13.3836,49.0211],[13.3842,48.993],[13.3985,48.9777],[13.4589,48.945],[13.4823,48.9376],[13.5021,48.9661],[13.516,48.9702],[13.5905,48.9448],[13.6087,48.9462],[13.6111,48.9272],[13.6374,48.8935],[13.6734,48.8763],[13.7247,48.8673],[13.7962,48.7798],[13.8157,48.7664]]],[[[14.2101,53.9385],[14.1931,53.9115],[14.1753,53.9065],[14.2008,53.8782],[14.0874,53.8704],[14.0483,53.8794],[13.9959,53.8537],[13.9385,53.8447],[13.8401,53.8503],[13.8218,53.8651],[13.9317,53.8993],[13.939,53.9282],[13.9019,53.9698],[13.9045,53.9954],[13.9727,53.9892],[13.959,53.9409],[13.9875,53.9614],[14.0278,53.9614],[14.0143,53.9471],[14.0483,53.9409],[14.0403,53.9538],[14.0531,53.9784],[14.0513,54.0051],[14.0374,54.0217],[14.0143,54.016],[13.9817,54.0563],[13.9461,54.0666],[13.9261,54.064],[13.9159,54.0564],[13.9248,54.0364],[13.897,54.0123],[13.856,54.0023],[13.8581,54.0158],[13.8763,54.0364],[13.8711,54.0487],[13.823,54.0379],[13.7942,54.0181],[13.7741,54.0228],[13.8093,54.0751],[13.815,54.1013],[13.8062,54.1166],[13.7529,54.1531],[13.7776,54.174],[13.7962,54.1783],[13.815,54.1737],[13.856,54.1184],[13.8825,54.1024],[14.0166,54.06],[14.2101,53.9385]]],[[[6.7981,53.6044],[6.7224,53.5908],[6.7565,53.5629],[6.7261,53.5771],[6.6951,53.5703],[6.6771,53.5756],[6.6595,53.5991],[6.6712,53.6044],[6.7847,53.6201],[6.7981,53.6044]]],[[[6.8738,53.6728],[6.9108,53.6837],[7.047,53.6942],[7.0855,53.687],[6.8738,53.6728]]],[[[7.1331,53.7081],[7.179,53.7241],[7.2329,53.7294],[7.3462,53.728],[7.3451,53.7221],[7.2957,53.711],[7.1736,53.7014],[7.1331,53.7081]]],[[[7.3665,53.728],[7.4035,53.7367],[7.4226,53.7342],[7.4356,53.728],[7.4324,53.7241],[7.3665,53.728]]],[[[8.1201,53.7211],[8.1327,53.734],[8.1748,53.737],[8.196,53.728],[8.1558,53.7164],[8.1201,53.7143],[8.1201,53.7211]]],[[[7.5174,53.7621],[7.6066,53.7626],[7.6272,53.7509],[7.5139,53.7455],[7.5112,53.728],[7.4819,53.7271],[7.4696,53.7453],[7.4746,53.7568],[7.487,53.7614],[7.5174,53.7621]]],[[[7.6609,53.7621],[7.6863,53.781],[7.7283,53.7866],[7.8128,53.7831],[7.8128,53.7764],[7.7482,53.7609],[7.7195,53.7599],[7.695,53.7695],[7.6771,53.7578],[7.6609,53.7621]]],[[[7.8738,53.7764],[7.8545,53.7846],[7.8589,53.7909],[7.929,53.7925],[7.9556,53.7829],[7.8753,53.7884],[7.8738,53.7764]]],[[[11.3757,53.9818],[11.3904,54.0046],[11.4266,54.0229],[11.468,54.031],[11.4979,54.0228],[11.4577,53.9614],[11.4453,53.9611],[11.4514,53.9855],[11.447,53.9971],[11.4387,53.9973],[11.4333,53.9888],[11.4378,53.975],[11.4231,53.9677],[11.3757,53.9818]]],[[[11.5285,54.0751],[11.5339,54.0849],[11.6159,54.1121],[11.599,54.098],[11.5527,54.0731],[11.5396,54.057],[11.5285,54.0751]]],[[[8.9631,54.5237],[8.9569,54.5094],[8.9113,54.4755],[8.888,54.4685],[8.8239,54.4709],[8.8128,54.4821],[8.8255,54.4912],[8.8128,54.5019],[8.8445,54.5197],[8.9192,54.5305],[8.9631,54.5237]]],[[[11.2556,54.4787],[11.3142,54.4138],[11.1885,54.4262],[11.1702,54.4201],[11.179,54.4142],[11.1126,54.4152],[11.1013,54.4235],[11.0986,54.4516],[11.0581,54.4553],[11.0399,54.4473],[11.0257,54.4588],[11.0085,54.4547],[11.0057,54.4685],[11.0337,54.5089],[11.0729,54.5312],[11.1213,54.536],[11.2066,54.5145],[11.2556,54.4787]]],[[[13.1434,54.5981],[13.1189,54.5864],[13.1026,54.5299],[13.075,54.5094],[13.0682,54.4685],[13.0614,54.4685],[13.0642,54.5051],[13.0956,54.5708],[13.1096,54.6031],[13.1511,54.6049],[13.1571,54.588],[13.1497,54.5914],[13.1497,54.5777],[13.1434,54.5777],[13.1434,54.5981]]],[[[13.6983,54.3921],[13.742,54.3505],[13.7664,54.3449],[13.7302,54.3168],[13.7232,54.2784],[13.6909,54.2835],[13.7119,54.2866],[13.7119,54.3039],[13.6795,54.294],[13.6511,54.2972],[13.6511,54.3039],[13.6882,54.3133],[13.7119,54.3319],[13.6599,54.3298],[13.617,54.3176],[13.6909,54.3449],[13.6909,54.3518],[13.6501,54.3524],[13.6268,54.3391],[13.5993,54.3518],[13.4997,54.3449],[13.4289,54.3109],[13.4061,54.2852],[13.3596,54.2755],[13.3557,54.2487],[13.3694,54.2556],[13.3631,54.263],[13.4177,54.2661],[13.423,54.2327],[13.4072,54.2282],[13.347,54.2375],[13.3115,54.2511],[13.3352,54.2835],[13.3079,54.2692],[13.3147,54.263],[13.2679,54.2565],[13.2101,54.2758],[13.1992,54.2844],[13.2048,54.2972],[13.1497,54.2903],[13.1428,54.298],[13.1489,54.3048],[13.1775,54.3039],[13.1775,54.3102],[13.1155,54.3381],[13.1489,54.3773],[13.1743,54.384],[13.2233,54.3725],[13.2669,54.3859],[13.2393,54.3936],[13.239,54.4201],[13.2116,54.4311],[13.157,54.4268],[13.1818,54.453],[13.2595,54.4685],[13.2731,54.4821],[13.2332,54.4931],[13.2254,54.5019],[13.2328,54.5163],[13.1854,54.5083],[13.166,54.5191],[13.1589,54.5407],[13.1434,54.5429],[13.2429,54.556],[13.2883,54.5399],[13.2979,54.5197],[13.3093,54.5348],[13.301,54.5504],[13.3337,54.5731],[13.3694,54.5851],[13.3421,54.5504],[13.3631,54.5429],[13.3489,54.5237],[13.3838,54.5319],[13.3898,54.5429],[13.3631,54.5504],[13.3767,54.5646],[13.4173,54.5246],[13.4109,54.5094],[13.4307,54.4927],[13.5071,54.4883],[13.4997,54.4958],[13.5208,54.5237],[13.4997,54.5572],[13.5208,54.5646],[13.5208,54.5708],[13.4866,54.5572],[13.4414,54.5572],[13.4238,54.5745],[13.3993,54.5796],[13.3692,54.6121],[13.2733,54.5609],[13.2533,54.5646],[13.2568,54.5949],[13.2839,54.6193],[13.2935,54.6423],[13.2248,54.635],[13.231,54.6533],[13.2536,54.665],[13.4187,54.6884],[13.4451,54.6801],[13.4451,54.6739],[13.3909,54.6505],[13.383,54.6364],[13.3945,54.6044],[13.4246,54.5851],[13.4663,54.5769],[13.596,54.5914],[13.6405,54.5857],[13.6707,54.5662],[13.6773,54.5405],[13.6511,54.5163],[13.5848,54.4865],[13.5755,54.4719],[13.5879,54.4376],[13.6095,54.4138],[13.6983,54.3921]]],[[[8.3324,54.6938],[8.3823,54.6391],[8.4014,54.633],[8.3537,54.619],[8.2915,54.6671],[8.3205,54.6987],[8.3604,54.7148],[8.3324,54.6938]]],[[[8.4976,54.7564],[8.5532,54.7545],[8.5759,54.7464],[8.5938,54.7285],[8.5658,54.6876],[8.5352,54.6862],[8.5112,54.6938],[8.4852,54.6881],[8.4528,54.6938],[8.3945,54.7148],[8.4368,54.7485],[8.4976,54.7564]]],[[[8.3604,54.9482],[8.3545,54.9127],[8.3884,54.8942],[8.4365,54.8873],[8.6545,54.8936],[8.6294,54.8821],[8.5044,54.8862],[8.4461,54.8663],[8.3771,54.8663],[8.3439,54.8791],[8.302,54.8626],[8.2949,54.8315],[8.2957,54.7591],[8.2844,54.7424],[8.2778,54.7564],[8.2886,54.8913],[8.3737,55.035],[8.4158,55.0653],[8.4634,55.0507],[8.3945,55.0438],[8.4222,55.0422],[8.4304,55.03],[8.4216,55.0163],[8.3809,55.0031],[8.362,54.9868],[8.3516,54.9667],[8.3604,54.9482]]],[[[8.6345,54.5426],[8.6989,54.5586],[8.7009,54.5478],[8.6929,54.5233],[8.6698,54.5019],[8.6188,54.4926],[8.5959,54.5137],[8.6021,54.5298],[8.6345,54.5426]]],[[[7.9041,54.1804],[7.8859,54.1907],[7.8799,54.1939],[7.8945,54.1946],[7.9041,54.1804]]],[[[7.9124,54.1923],[7.9299,54.1953],[7.9334,54.1899],[7.9177,54.187],[7.9124,54.1923]]]]}},{"type":"Feature","properties":{"cc":"DK"},"geometry":{"type":"MultiPolygon","coordinates":[[[[8.6608,54.8963],[8.6748,54.9479],[8.641,55.0234],[8.6819,55.1332],[8.5637,55.1434],[8.5574,55.0964],[8.4994,55.0656],[8.4588,55.1035],[8.4889,55.1972],[8.5938,55.181],[8.5552,55.1494],[8.6895,55.1416],[8.6177,55.4379],[8.4419,55.4639],[8.3132,55.5827],[8.239,55.5579],[8.2717,55.5305],[8.2437,55.5168],[8.3133,55.4693],[8.0952,55.5491],[8.1817,55.7291],[8.1278,55.9876],[8.1934,55.8738],[8.1936,55.8118],[8.3933,55.9092],[8.2824,56.0759],[8.1497,56.1112],[8.1348,55.994],[8.1079,56.0243],[8.1338,56.2055],[8.1224,56.5517],[8.1787,56.6721],[8.22,56.7092],[8.2022,56.6402],[8.3059,56.5978],[8.3074,56.5543],[8.312,56.5788],[8.3921,56.5853],[8.5147,56.5447],[8.5658,56.5788],[8.637,56.4797],[8.7266,56.4832],[8.7625,56.5634],[8.6819,56.6265],[8.7409,56.635],[8.8054,56.6955],[8.9168,56.7088],[8.8408,56.7224],[8.9557,56.803],[9.0632,56.8126],[9.176,56.7086],[9.0593,56.634],[9.0606,56.5657],[9.1554,56.6129],[9.1213,56.6203],[9.1554,56.6613],[9.1494,56.6389],[9.2762,56.633],[9.2503,56.5788],[9.3262,56.5303],[9.3727,56.5654],[9.2937,56.561],[9.326,56.6694],[9.3057,56.6955],[9.1691,56.6887],[9.2425,56.7471],[9.175,56.8061],[9.2106,56.8631],[9.1629,56.8941],[9.2002,56.9389],[9.2887,56.9971],[9.437,57.0244],[9.6079,56.9699],[9.689,57.0391],[9.9158,57.0586],[9.7957,57.1064],[9.7119,57.0613],[9.6751,57.0792],[9.2454,57.0023],[9.1145,57.0586],[9.0427,57.0177],[8.9968,57.0281],[8.9016,56.9863],[8.8504,57.0035],[8.8117,56.9699],[8.6795,56.9525],[8.6079,56.8497],[8.4914,56.7943],[8.4764,56.716],[8.527,56.6953],[8.4082,56.6887],[8.5863,56.6887],[8.6081,56.631],[8.5393,56.5928],[8.3522,56.6929],[8.302,56.7637],[8.2437,56.7774],[8.2459,56.704],[8.2479,56.8124],[8.5863,57.1064],[8.7839,57.1048],[8.9805,57.161],[9.2306,57.1411],[9.4121,57.1654],[9.5733,57.2429],[9.967,57.5914],[10.1976,57.6012],[10.5391,57.7438],[10.625,57.7475],[10.6489,57.737],[10.4605,57.6306],[10.4304,57.5705],[10.5466,57.4353],[10.5174,57.3913],[10.5391,57.2367],[10.4115,57.1444],[10.3472,57.0102],[10.2398,56.9928],[9.9946,57.0927],[9.9269,57.0586],[10.002,57.0839],[10.1924,56.994],[10.3137,56.9829],[10.2659,56.9077],[10.3406,56.7174],[10.1465,56.7224],[9.8059,56.6402],[10.1013,56.6827],[10.1506,56.7144],[10.242,56.6884],[10.3342,56.7038],[10.3403,56.6203],[10.2144,56.5583],[10.1834,56.4695],[10.2256,56.4757],[10.2376,56.5544],[10.3303,56.6032],[10.3652,56.5584],[10.4699,56.5209],[10.8223,56.5342],[10.9641,56.4422],[10.9116,56.3341],[10.7554,56.2293],[10.7386,56.1545],[10.6722,56.1652],[10.6489,56.1884],[10.6877,56.2222],[10.6286,56.2375],[10.5492,56.1782],[10.5737,56.1126],[10.5186,56.1027],[10.4912,56.14],[10.5254,56.1536],[10.5095,56.1701],[10.4087,56.1649],[10.3547,56.2021],[10.4912,56.2163],[10.4754,56.2447],[10.5047,56.2778],[10.4426,56.2987],[10.2585,56.1903],[10.2202,56.1479],[10.2656,56.0737],[10.2311,56.017],[10.2775,56.0178],[10.1821,55.8337],[10.1018,55.8824],[9.8674,55.852],[10.0457,55.814],[10.0173,55.7656],[10.0598,55.7495],[10.0052,55.7011],[9.7922,55.6745],[9.5564,55.7116],[9.6585,55.6904],[9.7383,55.6297],[9.8538,55.6267],[9.7069,55.5373],[9.4981,55.4894],[9.6602,55.478],[9.6489,55.4411],[9.5868,55.4274],[9.6008,55.3659],[9.7103,55.2487],[9.6844,55.1976],[9.4863,55.1562],[9.5119,55.1332],[9.4566,55.1257],[9.5596,55.0854],[9.4343,55.0375],[9.5799,55.0507],[9.731,54.9954],[9.7632,54.9005],[9.7035,54.8862],[9.7459,54.836],[9.6233,54.8653],[9.6104,54.9032],[9.6442,54.9133],[9.615,54.9327],[9.4369,54.8101],[9.317,54.8016],[8.9041,54.8979],[8.6608,54.8963]]],[[[11.8452,54.7319],[11.807,54.708],[11.8464,54.6978],[11.8107,54.6551],[11.6105,54.6664],[11.4518,54.6284],[11.0093,54.7716],[11.0057,54.8037],[11.1082,54.8315],[11.0188,54.8862],[11.0881,54.9442],[11.2317,54.9612],[11.3689,54.8811],[11.5947,54.8111],[11.5728,54.848],[11.6563,54.8663],[11.6494,54.9135],[11.7873,54.8315],[11.8486,54.7732],[11.8452,54.7319]]],[[[10.4502,54.8998],[10.5186,54.852],[10.4063,54.8247],[10.2114,54.9394],[10.1892,54.9775],[10.2887,54.9407],[10.3643,54.893],[10.3888,54.9203],[10.426,54.8725],[10.4609,54.8745],[10.4502,54.8998]]],[[[12.4172,55.0302],[12.5376,55.0024],[12.5427,54.9512],[12.3484,54.96],[12.2078,54.8862],[12.115,54.9073],[12.1514,54.9689],[12.2869,54.9892],[12.262,55.0643],[12.4172,55.0302]]],[[[10.0114,54.9755],[10.0645,54.881],[9.968,54.8595],[9.8743,54.8862],[9.9915,54.8725],[9.9437,54.9036],[9.7809,54.9168],[9.7581,54.9818],[9.8475,54.9482],[9.7991,55.0165],[9.7069,55.0131],[9.6688,55.0302],[9.6966,55.0507],[9.6284,55.0507],[9.7166,55.0822],[9.7935,55.0808],[10.0114,54.9755]]],[[[10.855,55.0438],[10.9343,55.1597],[10.9567,55.1537],[10.9089,55.0302],[10.7313,54.7401],[10.6819,54.7448],[10.6011,54.8383],[10.6409,54.8432],[10.7245,54.8862],[10.683,54.9073],[10.697,54.9313],[10.855,55.0438]]],[[[15.1514,55.1332],[15.1132,55.0183],[15.0727,54.9916],[14.7808,55.0511],[14.6842,55.1013],[14.7092,55.2358],[14.7609,55.3093],[15.1514,55.1332]]],[[[8.4764,55.3454],[8.4253,55.3555],[8.3709,55.4274],[8.3744,55.4633],[8.4082,55.4684],[8.4286,55.4335],[8.4634,55.4274],[8.4764,55.3454]]],[[[10.6663,55.0643],[10.5383,55.0297],[10.2342,55.0922],[10.197,55.0643],[10.0659,55.0922],[10.156,55.1401],[10.113,55.1838],[10.0036,55.1973],[10.0256,55.1257],[9.9855,55.1278],[9.9795,55.2128],[9.884,55.2535],[9.8848,55.3489],[9.8024,55.3624],[9.7781,55.3803],[9.8401,55.4001],[9.7035,55.4621],[9.8122,55.4411],[9.6763,55.4957],[9.7551,55.5441],[9.8274,55.5484],[9.8882,55.5087],[10.2373,55.6055],[10.2796,55.5851],[10.3076,55.6182],[10.5188,55.5334],[10.4753,55.532],[10.4912,55.5031],[10.4196,55.4588],[10.436,55.4421],[10.6091,55.4926],[10.5669,55.5236],[10.6138,55.5279],[10.6086,55.613],[10.7381,55.5093],[10.7039,55.4711],[10.554,55.4426],[10.6979,55.4403],[10.8343,55.2903],[10.773,55.2871],[10.8152,55.2141],[10.7834,55.1242],[10.7337,55.0718],[10.6663,55.0643]]],[[[12.6157,55.6881],[12.6746,55.6013],[12.5563,55.5505],[12.5202,55.6192],[12.6157,55.6881]]],[[[10.5594,55.8663],[10.5803,55.9115],[10.5154,55.9512],[10.544,55.998],[10.5803,55.9365],[10.6283,55.9208],[10.6214,55.8799],[10.6693,55.88],[10.5822,55.7598],[10.5203,55.7886],[10.5116,55.8253],[10.5594,55.8663]]],[[[12.0404,54.893],[12.0964,54.8981],[12.1702,54.8383],[11.9607,54.6941],[11.9491,54.5686],[11.8692,54.6596],[11.9102,54.7217],[11.8758,54.7297],[11.8828,54.7564],[11.8091,54.8049],[11.7114,54.9408],[11.8828,54.9818],[11.8418,55.0302],[11.6159,55.0922],[11.8275,55.0507],[11.7176,55.1257],[11.807,55.1469],[11.7285,55.1548],[11.7176,55.2083],[11.6494,55.181],[11.4232,55.2219],[11.261,55.2006],[11.2385,55.2424],[11.2863,55.2561],[11.242,55.2487],[11.2415,55.2785],[11.1621,55.3192],[11.1901,55.3454],[11.1082,55.3319],[11.0877,55.3585],[11.2142,55.4038],[11.1639,55.5019],[11.0809,55.5131],[11.1484,55.5573],[11.1321,55.5953],[10.9299,55.6601],[11.0877,55.6601],[10.8755,55.7365],[11.1628,55.7495],[11.1218,55.7365],[11.1926,55.7003],[11.218,55.7086],[11.1901,55.7365],[11.3522,55.7558],[11.3757,55.8079],[11.3484,55.8383],[11.4776,55.8415],[11.5105,55.9083],[11.2726,55.9966],[11.5994,55.9421],[11.7683,55.9705],[11.7388,55.9208],[11.6631,55.9072],[11.7316,55.8307],[11.7176,55.811],[11.6078,55.783],[11.7388,55.7973],[11.7627,55.7495],[11.6572,55.7309],[11.7463,55.731],[11.7944,55.6879],[11.7798,55.6601],[11.8106,55.6791],[11.8692,55.8048],[11.9536,55.8535],[11.9095,55.9155],[11.9347,55.9337],[11.9982,55.9028],[12.0519,55.7366],[11.9727,55.7214],[11.9102,55.6601],[12.0012,55.6987],[12.0603,55.654],[12.0951,55.7291],[12.0261,55.9414],[11.8655,55.9394],[11.8656,55.9727],[12.2451,56.1287],[12.4861,56.099],[12.6219,56.0438],[12.5127,55.9283],[12.6022,55.7973],[12.6022,55.7086],[12.4872,55.6098],[12.3313,55.5954],[12.1981,55.4875],[12.2249,55.4349],[12.4347,55.3637],[12.465,55.2903],[12.1828,55.2272],[12.099,55.1414],[12.0767,55.182],[12.0147,55.1675],[12.177,55.1053],[12.1185,55.0736],[12.1633,55.0234],[12.1489,54.9941],[12.033,54.9681],[11.8971,54.9954],[11.8901,54.9296],[11.9579,54.9482],[12.0404,54.893]]],[[[11.5122,56.6955],[11.6358,56.716],[11.5642,56.6774],[11.5122,56.6955]]],[[[8.8259,56.7438],[8.7661,56.6987],[8.6584,56.6781],[8.5863,56.7365],[8.5147,56.7382],[8.5453,56.7911],[8.6688,56.8258],[8.6211,56.832],[8.6516,56.8942],[8.7625,56.9054],[8.9289,56.9766],[8.9004,56.8748],[8.8396,56.8798],[8.8811,56.8054],[8.8259,56.7438]]],[[[11.1423,57.3323],[11.1965,57.3028],[11.0666,57.2913],[11.0911,57.2528],[11.0288,57.2019],[10.855,57.2709],[11.1423,57.3323]]]]}},{"type":"Feature","properties":{"cc":"ES"},"geometry":{"type":"MultiPolygon","coordinates":[[[[-5.3407,35.8474],[-5.3989,35.9245],[-5.3441,35.9147],[-5.2831,35.9117],[-5.3407,35.8474]]],[[[-2.9478,35.3298],[-2.9129,35.2769],[-2.943,35.2679],[-2.9669,35.3139],[-2.9478,35.3298]]],[[[-1.7941,43.386],[-1.7969,43.3411],[-1.7474,43.291],[-1.6739,43.3042],[-1.6219,43.247],[-1.559,43.2841],[-1.4035,43.2433],[-1.4258,43.1353],[-1.4878,43.0818],[-1.4571,43.0451],[-1.3661,43.0333],[-1.3483,43.0931],[-1.286,43.1092],[-1.3151,43.0829],[-1.2937,43.0552],[-1.1499,43.0057],[-0.9432,42.9479],[-0.7597,42.9465],[-0.7403,42.8848],[-0.6483,42.8498],[-0.569,42.7726],[-0.5339,42.808],[-0.4239,42.7907],[-0.3228,42.8425],[-0.2351,42.7862],[-0.1614,42.7953],[-0.119,42.7169],[-0.0389,42.6851],[0.1692,42.7265],[0.2754,42.6687],[0.3542,42.7175],[0.4093,42.6823],[0.6436,42.6845],[0.6654,42.6987],[0.6335,42.7448],[0.6563,42.8384],[0.7243,42.8453],[0.9211,42.7844],[1.0891,42.7713],[1.1515,42.7067],[1.3426,42.7087],[1.4293,42.5954],[1.4065,42.5292],[1.45,42.5041],[1.4076,42.4868],[1.4479,42.4346],[1.5166,42.4295],[1.707,42.5028],[1.9275,42.4369],[1.9957,42.3487],[2.0633,42.3579],[2.137,42.4162],[2.2774,42.4286],[2.5253,42.3259],[2.5481,42.3522],[2.6622,42.339],[2.6403,42.3728],[2.7081,42.4129],[3.023,42.467],[3.0861,42.4272],[3.181,42.4315],[3.1873,42.3495],[3.3177,42.323],[3.263,42.2399],[3.1702,42.2597],[3.1188,42.2183],[3.1225,42.1405],[3.2145,42.0683],[3.1959,42.0331],[3.2322,41.946],[3.1502,41.8454],[3.0786,41.8266],[2.933,41.7125],[2.2967,41.4653],[2.1633,41.3266],[2.0603,41.2746],[1.5392,41.1874],[1.2178,41.1047],[1.1729,41.0587],[1.0174,41.0518],[0.7142,40.8152],[0.6948,40.786],[0.7669,40.785],[0.8737,40.7279],[0.8581,40.6863],[0.784,40.661],[0.6771,40.5652],[0.6159,40.5535],[0.5925,40.5821],[0.6632,40.5747],[0.7327,40.6337],[0.5635,40.59],[0.3506,40.2849],[0.2053,40.1715],[-0.0913,39.8479],[-0.3234,39.5162],[-0.3013,39.322],[-0.2155,39.1818],[-0.2422,39.1663],[-0.2267,39.1118],[-0.158,39.0021],[-0.0098,38.8697],[0.154,38.831],[0.2345,38.7423],[0.083,38.661],[0.0806,38.631],[-0.043,38.6117],[-0.0754,38.5399],[-0.3294,38.47],[-0.4137,38.3648],[-0.5098,38.3384],[-0.504,38.2072],[-0.6237,38.1624],[-0.6545,37.9893],[-0.7184,37.943],[-0.7607,37.7961],[-0.788,37.8228],[-0.8561,37.7425],[-0.8099,37.6669],[-0.7265,37.6515],[-0.7053,37.6195],[-0.9252,37.5559],[-1.0878,37.5809],[-1.12,37.559],[-1.1058,37.5321],[-1.2427,37.5792],[-1.3237,37.562],[-1.4635,37.488],[-1.4969,37.4278],[-1.6709,37.3633],[-1.8127,37.2071],[-1.9061,36.9876],[-1.9003,36.9412],[-1.9889,36.9005],[-2.1267,36.7364],[-2.2036,36.7371],[-2.3617,36.8368],[-2.5608,36.8188],[-2.6172,36.7284],[-2.7183,36.682],[-2.8483,36.7002],[-2.9333,36.7517],[-3.3296,36.7449],[-3.4152,36.6955],[-3.6011,36.7426],[-3.7313,36.7241],[-3.8385,36.752],[-4.2247,36.7124],[-4.4032,36.7239],[-4.5248,36.5807],[-4.5878,36.5738],[-4.6593,36.5076],[-4.9027,36.5065],[-5.1866,36.4112],[-5.2906,36.2774],[-5.3388,36.1411],[-5.4254,36.1798],[-5.4386,36.0628],[-5.6118,36.0065],[-5.6894,36.0671],[-5.7961,36.0855],[-5.9172,36.1841],[-6.0368,36.1895],[-6.1047,36.2807],[-6.1595,36.3043],[-6.31,36.5341],[-6.2315,36.4727],[-6.1794,36.5135],[-6.2244,36.5108],[-6.2349,36.5758],[-6.2832,36.6124],[-6.3947,36.6369],[-6.4333,36.7512],[-6.3456,36.795],[-6.3382,36.8837],[-6.1948,36.9321],[-6.3447,36.9013],[-6.3467,36.8199],[-6.388,36.8082],[-6.4996,36.9597],[-6.8929,37.1666],[-6.9176,37.2151],[-6.8527,37.2952],[-6.9626,37.2338],[-6.9285,37.1723],[-7.101,37.2243],[-7.4144,37.1928],[-7.4689,37.4756],[-7.5291,37.5567],[-7.5143,37.6014],[-7.4716,37.6369],[-7.444,37.7302],[-7.3069,37.8508],[-7.2727,37.977],[-7.1597,37.9968],[-7.1233,38.04],[-7.024,38.0226],[-6.9475,38.1966],[-7.1035,38.1736],[-7.1672,38.2721],[-7.3592,38.4464],[-7.2704,38.6177],[-7.293,38.6563],[-7.2704,38.7375],[-7.0561,38.8551],[-7.066,38.9046],[-6.9733,39.014],[-7.0388,39.1091],[-7.1675,39.1135],[-7.1681,39.1706],[-7.2441,39.1956],[-7.2508,39.2706],[-7.3005,39.3179],[-7.3314,39.3626],[-7.3135,39.4574],[-7.4681,39.5502],[-7.5573,39.6798],[-7.0358,39.6893],[-6.993,39.8161],[-6.9277,39.8619],[-6.8797,40.0092],[-6.9557,40.1029],[-7.0158,40.1191],[-7.0431,40.1814],[-7.0158,40.2255],[-6.8781,40.2652],[-6.7944,40.3564],[-6.8571,40.4421],[-6.8125,40.5146],[-6.8505,40.5822],[-6.8143,40.6472],[-6.8391,40.7575],[-6.8162,40.8568],[-6.9404,41.0034],[-6.9279,41.0479],[-6.818,41.0541],[-6.6466,41.2676],[-6.4959,41.2949],[-6.3792,41.3973],[-6.3211,41.411],[-6.2059,41.5703],[-6.3659,41.6636],[-6.5415,41.6589],[-6.5774,41.7397],[-6.5242,41.8674],[-6.5758,41.8829],[-6.5717,41.9426],[-6.6095,41.9623],[-6.728,41.9309],[-6.8249,41.9838],[-6.855,41.9429],[-6.9924,41.9664],[-7.0513,41.942],[-7.1454,41.9875],[-7.1999,41.9637],[-7.2187,41.879],[-7.4427,41.806],[-7.4694,41.8525],[-7.5158,41.865],[-7.6061,41.8255],[-7.6074,41.8732],[-7.722,41.8993],[-7.8966,41.8579],[-7.9061,41.9139],[-8.0486,41.8164],[-8.1796,41.8107],[-8.177,41.8499],[-8.2302,41.9047],[-8.0951,42.0409],[-8.1376,42.0729],[-8.204,42.0696],[-8.2224,42.1536],[-8.6269,42.051],[-8.6708,41.9998],[-8.8813,41.8933],[-8.8955,42.1191],[-8.8265,42.1305],[-8.847,42.1608],[-8.6252,42.3019],[-8.6227,42.3475],[-8.6748,42.299],[-8.8675,42.2564],[-8.8533,42.3048],[-8.8272,42.2967],[-8.8307,42.3416],[-8.772,42.3427],[-8.6553,42.4414],[-8.8436,42.4037],[-8.9426,42.4693],[-8.8813,42.4966],[-8.8265,42.4619],[-8.823,42.5695],[-8.7309,42.6884],[-8.785,42.6406],[-8.8395,42.6824],[-8.8688,42.6175],[-8.9034,42.6255],[-9.0264,42.5431],[-9.0709,42.5961],[-9.0301,42.7077],[-8.8983,42.7923],[-8.8877,42.8311],[-9.1003,42.7575],[-9.135,42.8128],[-9.1003,42.8333],[-9.1412,42.8574],[-9.1345,42.9175],[-9.1959,42.9493],[-9.2731,42.8933],[-9.292,42.9288],[-9.251,43.0168],[-9.2795,43.055],[-9.2176,43.1144],[-9.1077,43.1411],[-9.2176,43.1553],[-9.1379,43.2015],[-9.0524,43.1964],[-9.0115,43.2388],[-8.9325,43.2353],[-8.988,43.283],[-8.83,43.3412],[-8.6931,43.2934],[-8.5584,43.3132],[-8.3883,43.3859],[-8.3536,43.3486],[-8.3307,43.4057],[-8.2672,43.3859],[-8.2102,43.3132],[-8.2096,43.3907],[-8.1754,43.4163],[-8.3052,43.4511],[-8.1686,43.492],[-8.3331,43.4715],[-8.2921,43.5329],[-8.3127,43.5671],[-8.2322,43.5755],[-8.0867,43.6565],[-8.0519,43.6428],[-8.0593,43.7094],[-7.9086,43.7663],[-7.8465,43.718],[-7.9086,43.6702],[-7.8584,43.6682],[-7.8676,43.6975],[-7.8192,43.6975],[-7.6855,43.7934],[-7.6916,43.7272],[-7.641,43.7527],[-7.616,43.6885],[-7.5414,43.7316],[-7.3671,43.6801],[-7.2567,43.5816],[-7.2711,43.5611],[-7.0443,43.5594],[-7.0446,43.4792],[-7.0014,43.5567],[-6.944,43.566],[-6.6487,43.579],[-6.5101,43.5475],[-6.463,43.555],[-6.4691,43.5754],[-6.2228,43.5959],[-6.0692,43.5697],[-5.9074,43.5884],[-5.9074,43.6368],[-5.8522,43.663],[-5.6775,43.5611],[-5.3939,43.5552],[-5.4139,43.5065],[-5.2999,43.5377],[-5.1779,43.4894],[-4.4817,43.3836],[-3.9814,43.4383],[-3.9401,43.4771],[-3.8267,43.497],[-3.7692,43.4792],[-3.8443,43.4451],[-3.8112,43.4255],[-3.745,43.4383],[-3.7555,43.4717],[-3.5794,43.5183],[-3.4315,43.4669],[-3.5017,43.4308],[-3.4611,43.4125],[-3.269,43.4041],[-3.0082,43.3209],[-3.0293,43.3762],[-2.9467,43.4308],[-2.7686,43.4525],[-2.7152,43.4245],[-2.691,43.3675],[-2.6612,43.4119],[-2.3674,43.3157],[-2.1278,43.2874],[-1.9604,43.3431],[-1.9187,43.321],[-1.9257,43.3426],[-1.7941,43.386]]],[[[1.9834,42.4413],[1.9475,42.4512],[1.9783,42.475],[1.9834,42.4413]]],[[[-0.7327,37.7477],[-0.7265,37.6652],[-0.7469,37.6838],[-0.7545,37.7744],[-0.7327,37.7477]]],[[[1.5264,38.6778],[1.5657,38.6915],[1.5814,38.6531],[1.4581,38.6813],[1.397,38.6386],[1.3887,38.6871],[1.4354,38.7554],[1.5264,38.6778]]],[[[1.606,39.0913],[1.6231,39.0292],[1.4147,38.8906],[1.4031,38.8323],[1.2166,38.8851],[1.2184,38.9541],[1.301,38.9678],[1.2928,39.0333],[1.3568,39.0776],[1.5227,39.1189],[1.606,39.0913]]],[[[3.3545,39.7844],[3.4744,39.7497],[3.4539,39.6597],[3.3233,39.5239],[3.2526,39.3862],[3.0608,39.2691],[2.9588,39.3632],[2.7866,39.3759],[2.7366,39.4621],[2.7435,39.5234],[2.6817,39.5587],[2.5691,39.5315],[2.5202,39.4728],[2.4927,39.4702],[2.4539,39.5374],[2.3821,39.5292],[2.3577,39.6119],[2.9333,39.9145],[3.1795,39.9688],[3.2142,39.9551],[3.0969,39.9135],[3.0947,39.8812],[3.2068,39.893],[3.1263,39.8319],[3.1365,39.7888],[3.2239,39.7497],[3.3545,39.7844]]],[[[4.3029,39.9255],[4.3371,39.8672],[4.3029,39.8876],[4.3001,39.8218],[4.2481,39.8165],[3.9814,39.9361],[3.8307,39.9361],[3.8505,39.9839],[3.8034,40.0132],[3.8219,40.0476],[4.0634,40.0596],[4.1051,40.0794],[4.1423,40.0248],[4.1705,40.0646],[4.3029,39.9255]]],[[[2.9854,39.1662],[2.9622,39.1161],[2.9136,39.152],[2.9854,39.1662]]],[[[-4.3,35.1727],[-4.2987,35.1726],[-4.2969,35.1722],[-4.2977,35.1715],[-4.2994,35.1717],[-4.3009,35.1721],[-4.3019,35.1727],[-4.3011,35.1729],[-4.3,35.1727]]],[[[-3.903,35.2153],[-3.9023,35.2159],[-3.902,35.2155],[-3.9025,35.2148],[-3.9031,35.215],[-3.903,35.2153]]],[[[-3.9007,35.2178],[-3.9,35.2179],[-3.8998,35.2173],[-3.9005,35.2174],[-3.901,35.2172],[-3.9013,35.2173],[-3.9013,35.2176],[-3.9007,35.2178]]],[[[-2.4342,35.1852],[-2.4294,35.186],[-2.4265,35.1821],[-2.4314,35.1788],[-2.4359,35.1812],[-2.4342,35.1852]]],[[[-5.4188,35.9156],[-5.416,35.9135],[-5.4179,35.9109],[-5.4203,35.9116],[-5.4208,35.9143],[-5.4188,35.9156]]]]}},{"type":"Feature","properties":{"cc":"FR"},"geometry":{"type":"MultiPolygon","coordinates":[[[[2.5218,51.0875],[2.537,51.0646],[2.557,51.0012],[2.6084,50.9611],[2.6117,50.9412],[2.5769,50.9115],[2.5967,50.8676],[2.5867,50.8454],[2.6204,50.8165],[2.6919,50.8088],[2.7066,50.7888],[2.7438,50.7662],[2.7682,50.7332],[2.7867,50.7234],[2.8869,50.6966],[2.9302,50.7362],[2.9714,50.7578],[3.1033,50.7841],[3.1292,50.7791],[3.1462,50.7689],[3.189,50.7151],[3.2244,50.7052],[3.2324,50.6959],[3.2438,50.6721],[3.2298,50.6554],[3.2643,50.5702],[3.271,50.5269],[3.2999,50.5075],[3.3611,50.4898],[3.4292,50.5018],[3.4771,50.5199],[3.498,50.5119],[3.4867,50.4927],[3.4991,50.4868],[3.5637,50.4865],[3.6083,50.4765],[3.6444,50.4455],[3.6617,50.3193],[3.6969,50.2982],[3.7334,50.3372],[3.755,50.3463],[3.8402,50.3452],[3.8959,50.3253],[4.0033,50.3441],[4.0979,50.2948],[4.1253,50.2571],[4.1437,50.2516],[4.151,50.2563],[4.1503,50.2695],[4.1628,50.273],[4.1976,50.2585],[4.2013,50.2415],[4.1679,50.2225],[4.1527,50.2045],[4.1258,50.1282],[4.1806,50.1272],[4.21,50.0602],[4.1373,50.0251],[4.1282,50.0058],[4.1396,49.9745],[4.1317,49.975],[4.2011,49.953],[4.2776,49.9602],[4.4351,49.9323],[4.6042,49.9802],[4.6458,49.9845],[4.6567,49.9891],[4.6729,50.0164],[4.6806,50.0483],[4.6734,50.0662],[4.6819,50.0839],[4.7886,50.1534],[4.8156,50.1613],[4.8201,50.1464],[4.8627,50.1476],[4.8719,50.1398],[4.8629,50.0841],[4.846,50.0907],[4.8272,50.0641],[4.8267,50.036],[4.7839,49.9583],[4.7973,49.9443],[4.8446,49.9317],[4.8602,49.9133],[4.8594,49.8917],[4.8349,49.853],[4.8492,49.8316],[4.849,49.7942],[4.8842,49.7841],[4.971,49.7971],[5.0263,49.7667],[5.0819,49.7527],[5.1364,49.7053],[5.1694,49.6872],[5.1925,49.6828],[5.2592,49.6913],[5.2994,49.6625],[5.3064,49.6475],[5.2938,49.6405],[5.2907,49.6264],[5.2979,49.6133],[5.3217,49.6126],[5.3349,49.6258],[5.4021,49.6025],[5.4502,49.5458],[5.4499,49.5078],[5.4561,49.4989],[5.4777,49.4952],[5.5476,49.5234],[5.6023,49.5137],[5.6197,49.5355],[5.6446,49.5438],[5.7103,49.5311],[5.7463,49.5494],[5.7907,49.5378],[5.8396,49.4999],[5.9281,49.4823],[5.947,49.47],[5.9607,49.4413],[6.078,49.452],[6.0998,49.4646],[6.1073,49.4825],[6.1426,49.4861],[6.1361,49.4953],[6.1936,49.4994],[6.2494,49.4903],[6.3253,49.4567],[6.3539,49.4548],[6.4027,49.4655],[6.5117,49.4247],[6.5188,49.4022],[6.5777,49.3558],[6.5734,49.3477],[6.5556,49.3472],[6.5501,49.338],[6.5564,49.3264],[6.6397,49.2712],[6.6403,49.2528],[6.6638,49.2439],[6.6806,49.2075],[6.7025,49.2136],[6.7088,49.1978],[6.701,49.1729],[6.7138,49.1589],[6.8218,49.1478],[6.839,49.1628],[6.8277,49.1956],[6.8335,49.2095],[6.9144,49.2067],[7.0095,49.1817],[7.009,49.1464],[7.0205,49.119],[7.0425,49.1076],[7.0732,49.1203],[7.0708,49.1361],[7.0799,49.142],[7.155,49.1144],[7.2412,49.1139],[7.2744,49.105],[7.2971,49.1281],[7.334,49.1342],[7.351,49.1592],[7.4105,49.1689],[7.4148,49.1578],[7.4761,49.1515],[7.4827,49.1371],[7.471,49.1283],[7.5209,49.0837],[7.6086,49.062],[7.635,49.0378],[7.6851,49.0428],[7.7269,49.0357],[7.7737,49.0481],[7.8569,49.0323],[7.9319,49.0348],[8.0904,48.9792],[8.2003,48.9586],[8.1481,48.9037],[8.0903,48.8075],[8.0388,48.7908],[8.0173,48.7618],[7.9701,48.7573],[7.9592,48.7214],[7.8959,48.6765],[7.8524,48.6587],[7.8103,48.615],[7.8017,48.5476],[7.8135,48.5195],[7.7765,48.4982],[7.7383,48.4066],[7.7507,48.3414],[7.737,48.3267],[7.7025,48.3112],[7.6872,48.2529],[7.6134,48.1792],[7.5789,48.1145],[7.5726,48.095],[7.5757,48.0537],[7.6189,48.0027],[7.6211,47.9714],[7.5849,47.9404],[7.5789,47.9063],[7.559,47.8827],[7.562,47.8392],[7.5429,47.8294],[7.5259,47.7832],[7.5378,47.7318],[7.5119,47.7073],[7.5179,47.675],[7.5366,47.6652],[7.5903,47.6079],[7.586,47.5846],[7.5263,47.5665],[7.4827,47.5423],[7.5052,47.533],[7.5011,47.5173],[7.4769,47.5149],[7.4845,47.4929],[7.4674,47.4819],[7.4143,47.4902],[7.4276,47.4707],[7.4261,47.4558],[7.4063,47.4382],[7.3785,47.4306],[7.3091,47.4327],[7.2381,47.4168],[7.1683,47.4436],[7.1626,47.4599],[7.1808,47.4883],[7.1037,47.4963],[7.0539,47.4904],[7.0098,47.4992],[6.9733,47.4891],[6.991,47.4522],[6.9685,47.4352],[6.9261,47.4249],[6.9245,47.406],[6.884,47.3826],[6.8666,47.3542],[7.004,47.3681],[7.0443,47.3405],[7.0366,47.3295],[6.9586,47.2906],[6.9522,47.27],[6.9562,47.2452],[6.8883,47.2113],[6.8403,47.1695],[6.7748,47.1282],[6.7448,47.1211],[6.746,47.1039],[6.6897,47.0783],[6.6763,47.0624],[6.6883,47.0438],[6.6654,47.0213],[6.5987,46.9865],[6.4911,46.9634],[6.4426,46.9442],[6.4278,46.9091],[6.4452,46.8826],[6.4468,46.8577],[6.4171,46.8022],[6.4326,46.786],[6.4292,46.7608],[6.3379,46.7074],[6.2663,46.6804],[6.1184,46.5835],[6.1215,46.5703],[6.1457,46.5516],[6.0642,46.4711],[6.0676,46.4336],[6.0542,46.4194],[6.1082,46.3965],[6.1351,46.3704],[6.1364,46.3593],[6.1007,46.3014],[6.094,46.253],[6.0897,46.2464],[6.0429,46.2431],[5.9829,46.2227],[5.9585,46.212],[5.9548,46.1999],[5.9829,46.1708],[5.9588,46.1305],[6.0283,46.1479],[6.0739,46.1492],[6.1079,46.1386],[6.1403,46.1502],[6.1914,46.1917],[6.2812,46.2401],[6.276,46.2631],[6.2523,46.2599],[6.2376,46.2679],[6.2141,46.3155],[6.2195,46.3291],[6.2691,46.375],[6.3016,46.3945],[6.3977,46.4082],[6.4829,46.4486],[6.547,46.4574],[6.6137,46.4559],[6.7627,46.4293],[6.7871,46.4142],[6.7821,46.3785],[6.7504,46.3455],[6.8277,46.2695],[6.7922,46.2217],[6.7657,46.1516],[6.7743,46.1348],[6.8539,46.1226],[6.8692,46.1123],[6.8486,46.085],[6.8509,46.0496],[6.8692,46.0441],[6.8924,46.0556],[6.9151,46.0486],[6.9877,45.9931],[7.0221,45.9253],[6.9972,45.9113],[6.9692,45.8698],[6.949,45.8578],[6.8735,45.8448],[6.8644,45.8269],[6.8434,45.8386],[6.8008,45.8265],[6.7827,45.7953],[6.7959,45.7181],[6.8431,45.6827],[6.8826,45.6755],[6.9186,45.6526],[6.9634,45.6407],[6.9695,45.6258],[6.9529,45.5943],[6.9698,45.567],[6.9828,45.5111],[7.072,45.47],[7.0968,45.4354],[7.1607,45.4109],[7.1508,45.3832],[7.0926,45.324],[7.1084,45.2592],[7.0812,45.2431],[7.0555,45.2137],[7.0297,45.2282],[6.9587,45.2098],[6.9138,45.1702],[6.8735,45.1659],[6.8682,45.1575],[6.8767,45.1412],[6.8441,45.1301],[6.7364,45.1573],[6.7022,45.1412],[6.6674,45.1396],[6.6027,45.1035],[6.6366,45.0745],[6.6397,45.0504],[6.6517,45.0356],[6.6972,45.0269],[6.7235,45.0134],[6.7279,44.9287],[6.7454,44.9078],[6.8471,44.8591],[6.9327,44.8617],[6.9828,44.847],[7.0071,44.8221],[6.9984,44.7938],[7.019,44.7389],[7.0552,44.6849],[6.9828,44.6922],[6.9599,44.6832],[6.9415,44.667],[6.9343,44.6467],[6.9456,44.6254],[6.8973,44.5754],[6.8464,44.5475],[6.8357,44.534],[6.8388,44.5029],[6.8613,44.4749],[6.9178,44.4363],[6.8772,44.4144],[6.8661,44.3721],[6.9212,44.3022],[6.9592,44.2773],[6.9828,44.2417],[7.0461,44.2403],[7.145,44.2072],[7.2513,44.16],[7.3093,44.1475],[7.331,44.1253],[7.3808,44.1229],[7.5836,44.1607],[7.6247,44.1801],[7.6556,44.1761],[7.6419,44.1436],[7.6919,44.0846],[7.6899,44.0673],[7.6534,44.0397],[7.6309,43.9935],[7.5569,43.9441],[7.4779,43.8655],[7.5023,43.7922],[7.4764,43.7845],[7.4764,43.7646],[7.4375,43.7434],[7.407,43.7635],[7.3875,43.7579],[7.3305,43.6864],[7.2573,43.6916],[7.2285,43.6742],[7.2318,43.6635],[7.2038,43.6444],[7.1967,43.6569],[7.1516,43.6548],[7.1366,43.6412],[7.1262,43.6058],[7.1389,43.554],[7.1255,43.5478],[7.1129,43.5645],[7.0884,43.5687],[7.0372,43.5363],[7.0306,43.5479],[6.9756,43.5469],[6.9621,43.5401],[6.9452,43.5273],[6.9409,43.5125],[6.9543,43.5001],[6.9251,43.4728],[6.9204,43.449],[6.8982,43.438],[6.894,43.4276],[6.8711,43.4261],[6.863,43.4394],[6.8561,43.4287],[6.8601,43.4159],[6.8467,43.4126],[6.8188,43.4161],[6.7831,43.4086],[6.7571,43.4227],[6.7311,43.4078],[6.7328,43.3821],[6.7178,43.3669],[6.7178,43.3506],[6.6746,43.3464],[6.6613,43.3223],[6.5972,43.284],[6.5909,43.2689],[6.6117,43.2643],[6.6724,43.2762],[6.6934,43.273],[6.698,43.2655],[6.6854,43.248],[6.6684,43.2395],[6.6654,43.2213],[6.6798,43.2016],[6.6099,43.1734],[6.5995,43.175],[6.5933,43.1877],[6.5399,43.1822],[6.5267,43.1606],[6.5057,43.151],[6.4792,43.1561],[6.4017,43.1469],[6.3785,43.1361],[6.3661,43.1186],[6.3754,43.0908],[6.3423,43.0908],[6.3257,43.1042],[6.2804,43.1187],[6.2535,43.1209],[6.1932,43.1088],[6.1629,43.0926],[6.1532,43.072],[6.1528,43.0481],[6.1854,43.0454],[6.1801,43.0359],[6.0885,43.0348],[6.1321,43.0526],[6.1291,43.0714],[6.1097,43.0843],[6.027,43.0782],[6.0165,43.0989],[5.9587,43.1022],[5.9341,43.1136],[5.9409,43.134],[5.8794,43.1204],[5.8963,43.1154],[5.9106,43.0932],[5.9514,43.08],[5.9403,43.0709],[5.8753,43.0688],[5.8566,43.0448],[5.819,43.0535],[5.7819,43.0791],[5.8181,43.0991],[5.8115,43.1067],[5.7834,43.1146],[5.7761,43.1308],[5.741,43.1321],[5.6963,43.1469],[5.6877,43.1688],[5.6739,43.1799],[5.6342,43.1872],[5.6124,43.1604],[5.5727,43.1691],[5.525,43.2126],[5.5042,43.2057],[5.3703,43.2079],[5.347,43.2159],[5.3692,43.2704],[5.3573,43.2803],[5.3389,43.3343],[5.2942,43.3555],[5.2383,43.328],[5.0648,43.328],[5.034,43.3355],[5.0139,43.3579],[5.0056,43.3816],[5.0261,43.4093],[5.0571,43.4221],[5.1738,43.4283],[5.2136,43.4578],[5.2263,43.4803],[5.2228,43.504],[5.1655,43.4825],[5.14,43.4858],[5.1184,43.504],[5.1057,43.533],[5.0537,43.5382],[5.0291,43.5586],[5.0093,43.5176],[5.0147,43.4987],[5.0503,43.4767],[5.0623,43.4516],[5.0511,43.4293],[5.0276,43.417],[4.9985,43.4147],[4.9285,43.4401],[4.8682,43.4215],[4.8503,43.4014],[4.8675,43.3651],[4.901,43.367],[4.8558,43.3418],[4.8333,43.382],[4.7578,43.4223],[4.7424,43.4487],[4.7424,43.5245],[4.7258,43.5568],[4.6946,43.5791],[4.7288,43.5279],[4.7288,43.4562],[4.7425,43.4226],[4.823,43.3672],[4.8203,43.3464],[4.6659,43.3475],[4.5923,43.3599],[4.5663,43.3711],[4.5655,43.3879],[4.5857,43.4042],[4.588,43.4169],[4.5796,43.4301],[4.513,43.4558],[4.4094,43.4477],[4.1817,43.4638],[4.1328,43.487],[4.1172,43.5105],[4.1328,43.5328],[4.1053,43.5519],[4.0475,43.5561],[3.953,43.5399],[3.7399,43.4128],[3.6222,43.3749],[3.5897,43.3549],[3.5134,43.2811],[3.4924,43.2743],[3.4524,43.2888],[3.3854,43.2839],[3.3177,43.2631],[3.2443,43.2194],[3.114,43.1063],[3.0704,43.0269],[3.039,42.9428],[3.0418,42.9328],[3.0547,42.9271],[3.0561,42.9071],[3.0405,42.7902],[3.0418,42.6291],[3.0518,42.5549],[3.0661,42.5421],[3.1374,42.5249],[3.1459,42.515],[3.1431,42.4921],[3.1759,42.4565],[3.181,42.4315],[3.0861,42.4272],[3.0536,42.4376],[3.0296,42.4657],[2.9831,42.4693],[2.9661,42.461],[2.9337,42.4702],[2.9008,42.4513],[2.8508,42.4484],[2.7886,42.412],[2.7081,42.4129],[2.6904,42.4062],[2.6403,42.3728],[2.6622,42.339],[2.5481,42.3522],[2.5253,42.3259],[2.4649,42.3406],[2.4299,42.3675],[2.4225,42.3837],[2.3755,42.3893],[2.2774,42.4286],[2.1842,42.4118],[2.137,42.4162],[2.121,42.4106],[2.104,42.3848],[2.0633,42.3579],[1.9957,42.3487],[1.9637,42.3672],[1.9275,42.4369],[1.8698,42.4468],[1.7927,42.4817],[1.7122,42.4937],[1.7106,42.5277],[1.7217,42.5485],[1.74,42.5616],[1.7651,42.5634],[1.7527,42.5767],[1.7133,42.5895],[1.722,42.6099],[1.6083,42.6181],[1.5431,42.6494],[1.4668,42.6415],[1.4514,42.6021],[1.4293,42.5954],[1.3611,42.6867],[1.3382,42.6944],[1.3426,42.7087],[1.1959,42.7136],[1.1515,42.7067],[1.1343,42.716],[1.1067,42.7596],[1.0891,42.7713],[0.9829,42.7804],[0.9503,42.7961],[0.9211,42.7844],[0.8129,42.8316],[0.7243,42.8453],[0.6563,42.8384],[0.6537,42.8027],[0.6397,42.7747],[0.6507,42.7634],[0.6335,42.7448],[0.6596,42.7299],[0.6654,42.6987],[0.6436,42.6845],[0.4669,42.6904],[0.4093,42.6823],[0.3893,42.6851],[0.3818,42.7001],[0.3542,42.7175],[0.336,42.7127],[0.2902,42.6703],[0.2754,42.6687],[0.2384,42.7104],[0.1692,42.7265],[-0.0389,42.6851],[-0.119,42.7169],[-0.1231,42.7304],[-0.1578,42.7607],[-0.1614,42.7953],[-0.2084,42.7839],[-0.2351,42.7862],[-0.247,42.8048],[-0.3228,42.8425],[-0.3352,42.825],[-0.3517,42.8292],[-0.4239,42.7907],[-0.4545,42.7889],[-0.5084,42.8075],[-0.5339,42.808],[-0.5356,42.7842],[-0.569,42.7726],[-0.5787,42.7773],[-0.5829,42.7958],[-0.6102,42.7991],[-0.6095,42.8114],[-0.6483,42.8498],[-0.7004,42.8764],[-0.7301,42.8775],[-0.7403,42.8848],[-0.7459,42.8939],[-0.7409,42.9109],[-0.7597,42.9465],[-0.7864,42.9533],[-0.8635,42.9431],[-0.9432,42.9479],[-0.9815,42.957],[-1.0285,42.9867],[-1.0797,42.9934],[-1.1124,43.0083],[-1.1499,43.0057],[-1.2169,43.0393],[-1.2937,43.0552],[-1.3151,43.0829],[-1.286,43.1092],[-1.3086,43.1136],[-1.3483,43.0931],[-1.3661,43.0333],[-1.4105,43.0309],[-1.4571,43.0451],[-1.4878,43.0818],[-1.4258,43.1353],[-1.3997,43.2067],[-1.4035,43.2433],[-1.4322,43.265],[-1.4664,43.2608],[-1.5081,43.2768],[-1.559,43.2841],[-1.574,43.2774],[-1.5876,43.2516],[-1.6111,43.2458],[-1.6341,43.2511],[-1.6463,43.2728],[-1.645,43.2924],[-1.6739,43.3042],[-1.7474,43.291],[-1.7558,43.3185],[-1.7969,43.3411],[-1.7941,43.386],[-1.7755,43.3762],[-1.7496,43.3892],[-1.661,43.3997],[-1.6378,43.4238],[-1.5967,43.4425],[-1.5621,43.4934],[-1.4769,43.5801],[-1.3461,44.0192],[-1.2816,44.3022],[-1.2473,44.5045],[-1.2572,44.5561],[-1.2308,44.5836],[-1.2063,44.6479],[-1.1865,44.6655],[-1.1002,44.6553],[-1.0447,44.6694],[-1.0444,44.6846],[-1.0692,44.7032],[-1.0555,44.7032],[-1.0653,44.7175],[-1.1409,44.7681],[-1.1722,44.7783],[-1.2336,44.7069],[-1.2604,44.6274],[-1.1995,45.1208],[-1.1579,45.2791],[-1.1337,45.5048],[-1.0853,45.569],[-1.0586,45.5696],[-1.0623,45.5324],[-1.0399,45.5073],[-0.973,45.4705],[-0.9153,45.4504],[-0.7942,45.3554],[-0.7662,45.3261],[-0.7545,45.2959],[-0.716,45.1345],[-0.6822,45.0765],[-0.6482,45.0449],[-0.569,44.998],[-0.5607,44.9854],[-0.5609,44.9393],[-0.5482,44.9023],[-0.5347,44.895],[-0.5485,44.9495],[-0.539,44.9765],[-0.5504,44.9982],[-0.5962,45.0246],[-0.5394,45.0195],[-0.4938,44.998],[-0.519,45.0294],[-0.6022,45.0535],[-0.6378,45.0731],[-0.656,45.0991],[-0.7197,45.3611],[-0.753,45.4241],[-0.7955,45.4771],[-0.8418,45.5146],[-0.9835,45.587],[-0.9909,45.6101],[-1.0303,45.6229],[-1.0838,45.6604],[-1.1493,45.6789],[-1.1942,45.7102],[-1.2294,45.7048],[-1.2473,45.7099],[-1.2303,45.7924],[-1.1638,45.8067],[-1.1443,45.8061],[-1.0572,45.7402],[-0.9872,45.7174],[-1.1254,45.8077],[-1.1517,45.8681],[-1.1125,45.8957],[-1.0734,45.9044],[-1.0704,45.9263],[-1.0898,45.9508],[-1.0692,45.9643],[-1.0966,45.9854],[-1.1107,46.0184],[-1.073,46.0075],[-1.0597,46.0158],[-1.0487,46.0388],[-1.0842,46.0565],[-1.097,46.1015],[-1.129,46.1158],[-1.117,46.1282],[-1.1521,46.1439],[-1.1517,46.1562],[-1.2002,46.1591],[-1.2108,46.1745],[-1.1852,46.1972],[-1.1905,46.2163],[-1.1796,46.2295],[-1.1107,46.2592],[-1.1027,46.272],[-1.1107,46.3027],[-1.1325,46.3241],[-1.1772,46.3262],[-1.2143,46.3107],[-1.2132,46.2791],[-1.2401,46.2842],[-1.2774,46.3195],[-1.3035,46.3239],[-1.3702,46.3542],[-1.4487,46.3434],[-1.4655,46.39],[-1.4814,46.4082],[-1.5045,46.4193],[-1.6256,46.4311],[-1.6172,46.4435],[-1.6335,46.4543],[-1.6868,46.4609],[-1.7203,46.4813],[-1.7611,46.492],[-1.7892,46.5329],[-1.7817,46.4954],[-1.7954,46.4945],[-1.8048,46.5036],[-1.8271,46.577],[-1.8227,46.5944],[-1.8387,46.5991],[-1.8574,46.6353],[-1.8998,46.6662],[-1.9099,46.6918],[-1.9565,46.7043],[-1.9946,46.752],[-2.0503,46.7921],[-2.1188,46.82],[-2.13,46.8547],[-2.1288,46.8935],[-2.0963,46.9165],[-2.1022,46.9306],[-2.0492,46.9575],[-2.0083,47.0264],[-1.9907,47.0354],[-2.0038,47.07],[-2.03,47.0921],[-2.0902,47.1152],[-2.2055,47.1291],[-2.2411,47.1425],[-2.2054,47.1612],[-2.1652,47.1679],[-2.1587,47.2045],[-2.1721,47.2353],[-2.1606,47.2712],[-2.1277,47.2868],[-2.0146,47.3001],[-1.9991,47.2886],[-1.9479,47.2794],[-1.9325,47.2797],[-1.9394,47.2864],[-1.9171,47.2842],[-1.8984,47.2734],[-1.9189,47.2734],[-1.9189,47.266],[-1.8778,47.2455],[-1.8363,47.2399],[-1.8039,47.219],[-1.727,47.2108],[-1.7882,47.2256],[-1.8359,47.2598],[-1.9056,47.2939],[-2.0101,47.3197],[-2.1481,47.3132],[-2.1796,47.3001],[-2.2063,47.2734],[-2.2784,47.2464],[-2.3161,47.2517],[-2.3714,47.2864],[-2.4049,47.2864],[-2.4192,47.266],[-2.4484,47.2666],[-2.542,47.3001],[-2.542,47.307],[-2.519,47.3046],[-2.4761,47.2907],[-2.4534,47.2933],[-2.4362,47.307],[-2.4806,47.3479],[-2.4943,47.3417],[-2.4889,47.3304],[-2.5017,47.3206],[-2.5033,47.3496],[-2.5148,47.3649],[-2.5564,47.3832],[-2.4768,47.4157],[-2.439,47.41],[-2.4464,47.4025],[-2.439,47.3963],[-2.3918,47.4237],[-2.4482,47.4306],[-2.439,47.4448],[-2.4889,47.4592],[-2.4806,47.4782],[-2.4947,47.4912],[-2.4836,47.498],[-2.3639,47.5062],[-2.4254,47.5062],[-2.5175,47.5284],[-2.6217,47.5134],[-2.632,47.5198],[-2.5994,47.5291],[-2.5768,47.5539],[-2.5923,47.5436],[-2.6383,47.5403],[-2.6239,47.5372],[-2.6178,47.5267],[-2.6655,47.5335],[-2.6671,47.5096],[-2.6807,47.5042],[-2.714,47.5124],[-2.7828,47.4994],[-2.8302,47.5036],[-2.869,47.5422],[-2.9093,47.5584],[-2.8926,47.5666],[-2.8653,47.5666],[-2.8506,47.5465],[-2.8324,47.554],[-2.8164,47.5465],[-2.8096,47.5676],[-2.794,47.5551],[-2.7414,47.5513],[-2.7202,47.5608],[-2.7277,47.5676],[-2.6886,47.6044],[-2.684,47.623],[-2.7065,47.6427],[-2.6956,47.6234],[-2.714,47.616],[-2.6998,47.6092],[-2.7086,47.6023],[-2.7754,47.6291],[-2.7345,47.6223],[-2.7463,47.6339],[-2.7891,47.6427],[-2.7754,47.6365],[-2.8477,47.6262],[-2.8668,47.6072],[-2.9194,47.5955],[-2.9127,47.6092],[-2.9399,47.6018],[-2.9448,47.6241],[-2.9331,47.6365],[-2.958,47.6422],[-2.9672,47.6638],[-2.9747,47.6638],[-2.9636,47.6026],[-2.9331,47.5744],[-2.9399,47.5608],[-2.9945,47.5955],[-2.9886,47.5823],[-3.0034,47.5787],[-3.0118,47.6072],[-3.0217,47.5945],[-3.0157,47.5812],[-3.0424,47.5881],[-3.0738,47.5765],[-3.1037,47.5812],[-3.0907,47.5881],[-3.1233,47.5988],[-3.1317,47.5881],[-3.118,47.5812],[-3.1289,47.5476],[-3.1233,47.519],[-3.0845,47.4782],[-3.1317,47.4782],[-3.1454,47.5161],[-3.1317,47.5574],[-3.1412,47.598],[-3.1665,47.6223],[-3.2006,47.6396],[-3.1864,47.6806],[-3.1112,47.7042],[-3.118,47.7321],[-3.1391,47.7247],[-3.1391,47.7526],[-3.1532,47.742],[-3.1932,47.7464],[-3.1697,47.7354],[-3.1591,47.711],[-3.2074,47.6973],[-3.1932,47.6837],[-3.2071,47.6791],[-3.2242,47.6564],[-3.2621,47.6837],[-3.3583,47.6973],[-3.3224,47.701],[-3.2826,47.6911],[-3.2985,47.7038],[-3.3583,47.711],[-3.3583,47.7185],[-3.3451,47.7213],[-3.3406,47.7395],[-3.3173,47.739],[-3.2826,47.7873],[-3.3318,47.7525],[-3.3832,47.737],[-3.3645,47.7185],[-3.4464,47.7046],[-3.4607,47.7076],[-3.4949,47.739],[-3.5283,47.7799],[-3.5393,47.7737],[-3.6252,47.7799],[-3.649,47.7936],[-3.7062,47.7969],[-3.7232,47.8134],[-3.7754,47.7936],[-3.7899,47.8032],[-3.8517,47.801],[-3.8865,47.8375],[-3.8859,47.855],[-3.9132,47.8625],[-3.9163,47.8734],[-3.9618,47.9],[-3.9883,47.9035],[-3.9792,47.883],[-4.0089,47.8513],[-4.0292,47.855],[-4.0112,47.8559],[-4.0019,47.8693],[-4.0316,47.8637],[-4.0367,47.855],[-4.0649,47.8708],[-4.1066,47.8801],[-4.1291,47.9076],[-4.1322,47.9239],[-4.1427,47.912],[-4.1112,47.8693],[-4.1527,47.855],[-4.1716,47.877],[-4.1856,47.8744],[-4.1885,47.8621],[-4.1739,47.855],[-4.18,47.842],[-4.1527,47.842],[-4.1527,47.8345],[-4.1852,47.8134],[-4.2252,47.8024],[-4.3718,47.8072],[-4.3718,47.8345],[-4.3476,47.8383],[-4.3473,47.8629],[-4.372,47.9158],[-4.4346,47.9757],[-4.5333,48.0263],[-4.572,48.0059],[-4.602,48.0256],[-4.653,48.0263],[-4.7281,48.0406],[-4.7008,48.0748],[-4.6837,48.0673],[-4.3619,48.1157],[-4.3048,48.1041],[-4.2854,48.1154],[-4.2757,48.1436],[-4.2943,48.1671],[-4.3024,48.1964],[-4.3661,48.2152],[-4.3793,48.2324],[-4.4044,48.2261],[-4.4576,48.249],[-4.4855,48.2426],[-4.5316,48.1831],[-4.5575,48.1772],[-4.5438,48.2051],[-4.5636,48.2324],[-4.5472,48.2526],[-4.5541,48.2628],[-4.6263,48.2665],[-4.6263,48.2871],[-4.5752,48.29],[-4.5773,48.3075],[-4.5595,48.3387],[-4.5467,48.3468],[-4.5301,48.3416],[-4.5432,48.3047],[-4.5155,48.2958],[-4.4265,48.3],[-4.389,48.2871],[-4.2626,48.3],[-4.2899,48.2938],[-4.2694,48.2884],[-4.1875,48.3],[-4.1875,48.3075],[-4.2188,48.3061],[-4.2305,48.3099],[-4.2347,48.3217],[-4.2577,48.3113],[-4.2757,48.3249],[-4.3247,48.3217],[-4.2694,48.3627],[-4.3247,48.3485],[-4.3247,48.3553],[-4.3173,48.3553],[-4.3173,48.3627],[-4.3247,48.3627],[-4.3377,48.3485],[-4.3526,48.3527],[-4.3842,48.3381],[-4.4066,48.3354],[-4.3992,48.3416],[-4.4066,48.3485],[-4.4537,48.3354],[-4.3966,48.3878],[-4.2899,48.4316],[-4.359,48.4111],[-4.4265,48.4037],[-4.5206,48.3683],[-4.5994,48.3502],[-4.6905,48.3627],[-4.6957,48.345],[-4.7045,48.3416],[-4.7684,48.3454],[-4.7834,48.3764],[-4.7648,48.3776],[-4.7663,48.3904],[-4.7834,48.4174],[-4.7849,48.4362],[-4.7681,48.4687],[-4.7493,48.4726],[-4.7746,48.4913],[-4.7646,48.5202],[-4.722,48.5682],[-4.7008,48.5607],[-4.7082,48.5682],[-4.6923,48.5755],[-4.6425,48.5819],[-4.5898,48.5657],[-4.5773,48.5682],[-4.6077,48.603],[-4.5946,48.6091],[-4.5301,48.6017],[-4.5575,48.6091],[-4.5526,48.6165],[-4.5636,48.6296],[-4.4855,48.6296],[-4.4066,48.6433],[-4.4265,48.6501],[-4.4265,48.6575],[-4.3433,48.6789],[-4.3173,48.678],[-4.2991,48.6636],[-4.3065,48.6415],[-4.2421,48.6575],[-4.1938,48.6501],[-4.1938,48.6575],[-4.213,48.6612],[-4.1739,48.6911],[-4.1315,48.6992],[-4.0907,48.6911],[-4.0793,48.6969],[-4.064,48.6849],[-4.0533,48.6955],[-4.0565,48.7121],[-3.974,48.7328],[-3.9678,48.7296],[-3.9727,48.7077],[-3.961,48.7047],[-3.9678,48.6911],[-3.951,48.6794],[-3.9547,48.6575],[-3.9119,48.6812],[-3.892,48.678],[-3.9063,48.6644],[-3.8517,48.6296],[-3.8443,48.6501],[-3.8579,48.6849],[-3.8375,48.6706],[-3.8371,48.7073],[-3.8293,48.7185],[-3.817,48.7121],[-3.8101,48.7332],[-3.7971,48.7212],[-3.7319,48.719],[-3.6866,48.6986],[-3.6382,48.7047],[-3.6385,48.6878],[-3.5848,48.6828],[-3.5705,48.688],[-3.5845,48.7264],[-3.5805,48.7332],[-3.5283,48.7395],[-3.5774,48.7742],[-3.5815,48.7906],[-3.5426,48.8078],[-3.5153,48.8419],[-3.4197,48.8214],[-3.4333,48.8078],[-3.3976,48.8073],[-3.3718,48.8225],[-3.2758,48.8494],[-3.2595,48.8477],[-3.2297,48.8723],[-3.2136,48.8698],[-3.2071,48.8554],[-3.215,48.8179],[-3.2279,48.8078],[-3.2205,48.7941],[-3.2087,48.8164],[-3.1454,48.8624],[-3.135,48.8592],[-3.1037,48.8767],[-3.0915,48.8713],[-3.0837,48.8517],[-3.0907,48.8357],[-3.0771,48.8283],[-3.1255,48.76],[-3.118,48.76],[-3.0655,48.824],[-3.0287,48.8288],[-3.0082,48.8214],[-3.0157,48.8146],[-3.0082,48.8078],[-3.0424,48.7941],[-3.0424,48.7879],[-3.0037,48.7739],[-2.9331,48.7674],[-2.9331,48.7463],[-2.9467,48.7332],[-2.827,48.6575],[-2.8114,48.6146],[-2.813,48.5986],[-2.714,48.5607],[-2.7345,48.534],[-2.7131,48.5301],[-2.6824,48.509],[-2.6761,48.5402],[-2.62,48.5436],[-2.5694,48.5887],[-2.4736,48.626],[-2.4595,48.6433],[-2.4875,48.6501],[-2.4429,48.6591],[-2.4211,48.657],[-2.4123,48.6433],[-2.3862,48.6501],[-2.33,48.6804],[-2.3161,48.6986],[-2.3053,48.6796],[-2.282,48.678],[-2.282,48.6706],[-2.3303,48.6296],[-2.3127,48.6202],[-2.251,48.6501],[-2.2373,48.6159],[-2.2192,48.6037],[-2.2137,48.5819],[-2.1955,48.5935],[-2.1926,48.6159],[-2.1741,48.583],[-2.1591,48.5887],[-2.1721,48.6017],[-2.161,48.613],[-2.137,48.618],[-2.1243,48.6091],[-2.1448,48.6365],[-2.0524,48.6501],[-2.022,48.5989],[-2.0009,48.5887],[-2.0083,48.575],[-1.9825,48.549],[-1.9764,48.5356],[-1.9803,48.5136],[-1.9394,48.534],[-1.9673,48.5471],[-1.9619,48.5549],[-1.9803,48.5887],[-1.953,48.575],[-1.9694,48.5928],[-2.0005,48.6013],[-2.0287,48.6433],[-2.0181,48.6603],[-1.9877,48.6738],[-1.9859,48.6879],[-1.9394,48.6911],[-1.9456,48.6986],[-1.8437,48.7121],[-1.8469,48.7034],[-1.8363,48.6911],[-1.8612,48.6642],[-1.861,48.6409],[-1.8382,48.6238],[-1.796,48.6159],[-1.644,48.6234],[-1.5797,48.6433],[-1.5006,48.6365],[-1.3931,48.6524],[-1.3566,48.6433],[-1.3723,48.6606],[-1.3946,48.6683],[-1.4329,48.6706],[-1.4433,48.6628],[-1.4558,48.6834],[-1.5027,48.6955],[-1.5165,48.7252],[-1.5536,48.7471],[-1.5668,48.8222],[-1.5788,48.8378],[-1.6029,48.8419],[-1.6029,48.8494],[-1.5785,48.8626],[-1.5637,48.9221],[-1.557,48.9323],[-1.5484,48.9238],[-1.5428,48.9352],[-1.547,48.9497],[-1.5631,48.9576],[-1.5458,49.0303],[-1.5323,49.0351],[-1.508,49.0275],[-1.508,49.0337],[-1.5497,49.0398],[-1.5684,49.0327],[-1.5795,49.0132],[-1.5936,49.029],[-1.5893,49.0821],[-1.6034,49.084],[-1.6077,49.1027],[-1.5959,49.1285],[-1.5695,49.1435],[-1.5818,49.1498],[-1.5893,49.1435],[-1.6104,49.2159],[-1.6027,49.2254],[-1.5484,49.2193],[-1.5484,49.2255],[-1.6169,49.2382],[-1.6247,49.2193],[-1.6719,49.2801],[-1.6582,49.2875],[-1.6991,49.3135],[-1.7067,49.3292],[-1.6862,49.3292],[-1.6991,49.3559],[-1.7067,49.3559],[-1.7148,49.3385],[-1.7755,49.3701],[-1.768,49.3837],[-1.8068,49.3769],[-1.8165,49.3837],[-1.8194,49.4521],[-1.8437,49.4936],[-1.8847,49.5309],[-1.8784,49.5449],[-1.8437,49.5718],[-1.8395,49.6198],[-1.8695,49.6617],[-1.9456,49.678],[-1.9352,49.7241],[-1.9084,49.7264],[-1.8673,49.7127],[-1.8394,49.7154],[-1.8246,49.7084],[-1.8165,49.6916],[-1.6172,49.6643],[-1.6067,49.6501],[-1.5729,49.6643],[-1.5404,49.6578],[-1.5115,49.6625],[-1.4557,49.7022],[-1.4095,49.7116],[-1.2631,49.6955],[-1.2278,49.6241],[-1.2533,49.6123],[-1.264,49.5893],[-1.3014,49.5818],[-1.3063,49.5581],[-1.2616,49.4931],[-1.1757,49.4152],[-1.1722,49.3934],[-1.1852,49.3664],[-1.182,49.3562],[-1.1517,49.3627],[-1.1229,49.3454],[-1.1034,49.349],[-1.1138,49.3658],[-1.1064,49.3795],[-1.0723,49.3968],[-0.9404,49.3923],[-0.8221,49.3627],[-0.6508,49.3559],[-0.5834,49.3459],[-0.5469,49.359],[-0.4795,49.3428],[-0.4111,49.3428],[-0.3634,49.325],[-0.3131,49.3173],[-0.2195,49.2801],[-0.1941,49.2952],[-0.0338,49.3201],[0.0129,49.3346],[0.0631,49.3545],[0.096,49.3837],[0.1624,49.4152],[0.4113,49.4521],[0.4573,49.4674],[0.4932,49.4936],[0.4221,49.4644],[0.3396,49.4567],[0.1244,49.4858],[0.0786,49.5155],[0.0797,49.5422],[0.1309,49.6035],[0.1709,49.6916],[0.1859,49.7032],[0.2359,49.7293],[0.3875,49.7751],[0.5967,49.8572],[0.6748,49.8758],[0.7609,49.8751],[1.1726,49.961],[1.2212,49.979],[1.261,50.0075],[1.3913,50.0752],[1.4558,50.1236],[1.4868,50.185],[1.521,50.2147],[1.5553,50.2177],[1.6543,50.1866],[1.6725,50.1925],[1.6725,50.1994],[1.6553,50.2005],[1.6445,50.2124],[1.665,50.2124],[1.665,50.2198],[1.6255,50.2243],[1.61,50.2322],[1.5939,50.2563],[1.5415,50.2779],[1.5515,50.3491],[1.572,50.3757],[1.6104,50.3707],[1.6104,50.3769],[1.5552,50.4048],[1.5735,50.4454],[1.5793,50.5331],[1.6104,50.5482],[1.5779,50.5886],[1.5632,50.6783],[1.5676,50.7167],[1.6056,50.79],[1.5806,50.8688],[1.6048,50.881],[1.6533,50.8891],[1.7298,50.9439],[1.9214,50.9968],[2.134,51.02],[2.3161,51.059],[2.3845,51.0553],[2.4661,51.0688],[2.5218,51.0875]]],[[[9.4566,42.6474],[9.4821,42.6201],[9.4769,42.6201],[9.4768,42.6191],[9.4566,42.6474]]],[[[8.5658,42.2086],[8.5741,42.2199],[8.5453,42.2329],[8.5495,42.2423],[8.5863,42.2434],[8.6878,42.2729],[8.6887,42.281],[8.6348,42.3048],[8.6252,42.3192],[8.6053,42.3105],[8.5999,42.3219],[8.6348,42.3389],[8.6128,42.3524],[8.5521,42.3389],[8.5596,42.3464],[8.5491,42.3771],[8.5521,42.3867],[8.5705,42.3818],[8.5863,42.393],[8.5986,42.3876],[8.6187,42.4196],[8.6595,42.4299],[8.6614,42.4519],[8.6768,42.4725],[8.6571,42.48],[8.6675,42.5097],[8.6804,42.5211],[8.7166,42.5307],[8.7092,42.5792],[8.7235,42.5655],[8.74,42.5723],[8.7713,42.5581],[8.787,42.562],[8.8075,42.5851],[8.8128,42.5996],[8.8054,42.6064],[8.843,42.6081],[8.9065,42.6325],[9.0183,42.6501],[9.05,42.6622],[9.053,42.6816],[9.1178,42.732],[9.1652,42.7352],[9.2368,42.7226],[9.2647,42.7089],[9.2853,42.6748],[9.2922,42.6748],[9.3425,42.7491],[9.333,42.7709],[9.341,42.7901],[9.3355,42.8076],[9.3057,42.8393],[9.333,42.8671],[9.3263,42.8853],[9.3303,42.9036],[9.3602,42.9286],[9.3602,42.9491],[9.3434,42.9731],[9.3467,43.0037],[9.4224,43.0174],[9.464,42.9901],[9.4539,42.9638],[9.4701,42.9423],[9.4655,42.9235],[9.4844,42.8324],[9.4828,42.8023],[9.4504,42.7089],[9.4504,42.6536],[9.4429,42.6406],[9.4566,42.6344],[9.4617,42.6198],[9.4566,42.6064],[9.4769,42.5792],[9.5119,42.5655],[9.4896,42.6126],[9.5281,42.5635],[9.5334,42.4562],[9.5459,42.4351],[9.5322,42.3737],[9.5596,42.2946],[9.5523,42.1702],[9.5596,42.1466],[9.5456,42.104],[9.5186,42.0851],[9.4032,41.9529],[9.3943,41.848],[9.403,41.7797],[9.4016,41.7064],[9.3722,41.6839],[9.367,41.6742],[9.3807,41.6742],[9.3779,41.6564],[9.3636,41.64],[9.3452,41.6403],[9.3467,41.6196],[9.2922,41.6264],[9.294,41.6176],[9.2786,41.5984],[9.2922,41.5916],[9.3451,41.6045],[9.3542,41.5954],[9.3506,41.5812],[9.3267,41.5611],[9.2997,41.5533],[9.282,41.5333],[9.2647,41.5308],[9.2699,41.5168],[9.2647,41.5029],[9.2791,41.4916],[9.2647,41.4761],[9.2708,41.4687],[9.2107,41.4482],[9.2233,41.4273],[9.2107,41.4073],[9.2503,41.4278],[9.2302,41.3809],[9.2067,41.3659],[9.1691,41.3862],[9.0964,41.4035],[9.1073,41.4293],[9.1213,41.4346],[9.0666,41.4619],[9.0798,41.4824],[9.0387,41.4619],[9.032,41.4687],[9.0387,41.4761],[9.0183,41.4687],[9.001,41.4831],[8.9357,41.4892],[8.9069,41.5073],[8.8836,41.5112],[8.8737,41.5234],[8.8396,41.5308],[8.8533,41.5438],[8.7972,41.5571],[8.7932,41.5873],[8.7781,41.5916],[8.8018,41.6391],[8.819,41.6326],[8.8726,41.6511],[8.8858,41.6709],[8.9227,41.6946],[8.7888,41.7126],[8.7761,41.7224],[8.7849,41.7425],[8.6956,41.7294],[8.703,41.7425],[8.6551,41.7499],[8.7092,41.7636],[8.722,41.7824],[8.7092,41.8045],[8.7523,41.8098],[8.7849,41.8244],[8.7723,41.8404],[8.7508,41.8455],[8.7918,41.8591],[8.7781,41.8728],[8.8054,41.9069],[8.7644,41.9343],[8.6143,41.9008],[8.6073,41.9138],[8.6187,41.9305],[8.6144,41.9441],[8.5863,41.969],[8.655,41.9787],[8.6688,41.9963],[8.6561,42.0029],[8.6646,42.0145],[8.7434,42.0441],[8.745,42.0566],[8.7235,42.0721],[8.6992,42.1093],[8.6609,42.1055],[8.6296,42.1301],[8.5863,42.1335],[8.5938,42.1466],[8.5863,42.1514],[8.5596,42.154],[8.5938,42.1671],[8.5938,42.1745],[8.5658,42.1745],[8.5818,42.1945],[8.5658,42.2086]]],[[[-1.2194,45.9439],[-1.2244,45.935],[-1.1852,45.916],[-1.1761,45.8987],[-1.1842,45.8563],[-1.2092,45.8142],[-1.2269,45.8198],[-1.2604,45.8818],[-1.3617,45.9567],[-1.3783,45.976],[-1.3739,45.9849],[-1.3717,45.9953],[-1.4049,46.0532],[-1.3739,46.0502],[-1.3399,46.0378],[-1.2851,46.0017],[-1.2476,46.0018],[-1.2336,45.9917],[-1.2305,45.9582],[-1.2194,45.9439]]],[[[-1.2814,46.1562],[-1.3361,46.1672],[-1.4329,46.2108],[-1.5043,46.2077],[-1.5558,46.2518],[-1.4981,46.2619],[-1.4727,46.2553],[-1.4674,46.244],[-1.4739,46.2381],[-1.4977,46.2452],[-1.508,46.2456],[-1.4905,46.2244],[-1.4111,46.2381],[-1.4111,46.2313],[-1.4254,46.2313],[-1.4254,46.2238],[-1.4088,46.2182],[-1.3081,46.2069],[-1.2657,46.181],[-1.2541,46.1624],[-1.2814,46.1562]]],[[[-2.3372,46.7316],[-2.2982,46.7202],[-2.269,46.6974],[-2.3714,46.7043],[-2.3829,46.7226],[-2.3752,46.7316],[-2.3372,46.7316]]],[[[-2.2001,46.9854],[-2.1448,46.9575],[-2.1377,46.9232],[-2.1426,46.9099],[-2.1591,46.9165],[-2.1948,46.9619],[-2.2202,46.9739],[-2.2473,46.9643],[-2.2632,46.9798],[-2.2787,47.0181],[-2.2956,47.0332],[-2.2386,47.0353],[-2.2,47.0244],[-2.2001,46.9854]]],[[[-3.1147,47.3315],[-3.0727,47.3283],[-3.0628,47.3206],[-3.067,47.3019],[-3.0936,47.2966],[-3.2235,47.3122],[-3.241,47.3206],[-3.2376,47.3364],[-3.2562,47.3688],[-3.2621,47.3832],[-3.243,47.3953],[-3.1765,47.3715],[-3.1147,47.3315]]],[[[-5.0503,48.4788],[-5.0366,48.4726],[-5.0366,48.4652],[-5.088,48.4472],[-5.1055,48.4446],[-5.1022,48.4519],[-5.0919,48.4515],[-5.0978,48.4613],[-5.1328,48.4583],[-5.1328,48.4652],[-5.069,48.4851],[-5.0503,48.4788]]],[[[6.235,43.0224],[6.2419,43.0256],[6.251,43.0173],[6.2522,43.0026],[6.2165,42.9904],[6.1901,42.9902],[6.1647,43.0051],[6.203,43.008],[6.2334,43.0156],[6.235,43.0224]]]]}},{"type":"Feature","properties":{"cc":"HR"},"geometry":{"type":"MultiPolygon","coordinates":[[[[16.5153,46.5017],[16.6593,46.4642],[16.7551,46.3819],[16.8377,46.3819],[16.8892,46.2922],[17.0529,46.1535],[17.2086,46.1166],[17.2759,46.012],[17.3168,45.9977],[17.2901,45.9846],[17.4062,45.9437],[17.5911,45.9362],[17.6565,45.8454],[17.8092,45.8144],[17.8581,45.7717],[18.2112,45.7854],[18.4044,45.7418],[18.5735,45.8167],[18.6556,45.9076],[18.7755,45.8828],[18.9013,45.9312],[18.8729,45.8952],[18.907,45.868],[18.8553,45.8574],[18.845,45.8157],[18.9685,45.6687],[18.9036,45.5731],[18.9417,45.5389],[19.0181,45.5674],[19.1063,45.5116],[19.0096,45.4987],[18.9971,45.4555],[19.0313,45.4162],[18.9775,45.3712],[19.083,45.3392],[19.1585,45.2762],[19.4078,45.2031],[19.3907,45.1693],[19.2259,45.1619],[19.1219,45.1958],[19.1377,45.146],[19.0449,45.1372],[19.0823,45.0849],[19.0872,44.9771],[19.1317,44.9532],[19.0667,44.9057],[18.9914,44.9149],[19.0158,44.8656],[18.8896,44.8612],[18.7834,44.9137],[18.7918,45.0015],[18.7383,45.0159],[18.6841,45.0848],[18.6487,45.0627],[18.6167,45.0977],[18.5496,45.0948],[18.517,45.0559],[18.2379,45.1575],[18.1537,45.0976],[18.0035,45.1493],[17.8357,45.0644],[17.6847,45.164],[17.4819,45.1144],[17.4962,45.1417],[17.4478,45.1343],[17.4433,45.1621],[17.3824,45.1396],[17.269,45.1895],[17.2455,45.1554],[17.1871,45.1486],[17.0363,45.2305],[17.0083,45.2162],[17.0083,45.2442],[16.9473,45.2357],[16.9244,45.2845],[16.8117,45.1812],[16.5289,45.2223],[16.3892,45.1168],[16.3162,45.0012],[16.1215,45.0962],[16.0204,45.2139],[15.8248,45.211],[15.781,45.168],[15.7674,44.9932],[15.7309,44.9272],[15.7734,44.845],[15.7161,44.8032],[15.7285,44.7691],[15.8057,44.6967],[15.8888,44.7242],[15.969,44.6392],[16.0283,44.6247],[16.0447,44.5894],[16.0061,44.541],[16.1165,44.5215],[16.1597,44.4161],[16.1383,44.3776],[16.2029,44.3598],[16.1876,44.2824],[16.2158,44.2082],[16.3269,44.0824],[16.501,43.9927],[16.6786,43.8407],[16.7126,43.7715],[17.0305,43.5485],[17.2705,43.4632],[17.2899,43.3034],[17.4421,43.1524],[17.5874,43.0821],[17.6593,42.9934],[17.6345,42.9504],[17.5345,42.9506],[17.4746,43.0012],[17.502,43.031],[17.4336,43.0174],[17.4602,43.031],[17.4261,43.0652],[17.4046,43.0515],[17.3163,43.1273],[17.1139,43.2132],[16.8806,43.406],[16.6258,43.449],[16.5247,43.5108],[16.3914,43.5108],[16.4343,43.5219],[16.4568,43.5459],[16.3368,43.5512],[16.1177,43.5245],[16.1724,43.4897],[16.1131,43.4789],[15.9595,43.504],[15.9873,43.5449],[15.9253,43.5586],[15.919,43.6287],[15.9663,43.6412],[15.9048,43.648],[15.953,43.6509],[15.9505,43.6885],[15.7063,43.7634],[15.6174,43.8255],[15.6789,43.8193],[15.4551,43.928],[15.1445,44.1955],[15.1522,44.2353],[15.1104,44.2644],[15.1406,44.2825],[15.1766,44.2499],[15.2078,44.2728],[15.1981,44.3017],[15.2953,44.2507],[15.3027,44.2991],[15.2612,44.3326],[15.4245,44.268],[15.5287,44.2718],[15.308,44.3544],[15.0073,44.5697],[14.8838,44.7236],[14.8838,44.8615],[14.9216,44.9588],[14.8528,45.0937],[14.6579,45.1966],[14.5708,45.2936],[14.3115,45.344],[14.2326,45.1494],[14.1794,45.1345],[14.1931,45.1056],[14.1439,45.0594],[14.1514,44.9775],[14.0689,44.9495],[14.0838,44.9864],[14.0403,45.039],[14.0757,44.9837],[14.0205,44.9011],[13.9727,44.9011],[13.993,44.8813],[13.9727,44.8266],[14.0,44.8131],[13.8901,44.8335],[13.9032,44.7724],[13.897,44.8131],[13.7871,44.8751],[13.8423,44.8881],[13.7946,44.895],[13.7741,44.9638],[13.6232,45.0731],[13.6126,45.1179],[13.7262,45.1345],[13.6006,45.1373],[13.5755,45.2649],[13.6027,45.2853],[13.5755,45.3065],[13.6095,45.3201],[13.5413,45.3461],[13.5015,45.4986],[13.889,45.4236],[13.9826,45.4753],[13.9719,45.5142],[14.0929,45.4739],[14.2187,45.4972],[14.3728,45.4778],[14.4689,45.5256],[14.4986,45.5962],[14.5809,45.6678],[14.6685,45.534],[14.7972,45.4652],[14.8816,45.4698],[14.9226,45.5149],[15.1393,45.43],[15.3252,45.4528],[15.3614,45.482],[15.2967,45.523],[15.2686,45.6017],[15.3738,45.6402],[15.255,45.7235],[15.4291,45.7753],[15.4513,45.8151],[15.6761,45.8417],[15.6594,45.8888],[15.698,46.0362],[15.5899,46.1135],[15.6398,46.2077],[15.7498,46.2108],[15.8183,46.2555],[16.0192,46.2988],[16.0596,46.3323],[16.058,46.3775],[16.2756,46.3732],[16.2349,46.4933],[16.3441,46.547],[16.5153,46.5017]]],[[[18.4374,42.5592],[18.4371,42.4934],[18.4964,42.4163],[18.2389,42.5591],[18.2175,42.6201],[18.076,42.6513],[18.0432,42.7021],[17.9016,42.7519],[17.8928,42.7908],[17.721,42.8262],[17.7487,42.772],[17.2139,42.9826],[17.0275,43.0036],[17.0016,43.0515],[17.2402,43.0228],[17.7415,42.8393],[17.6659,42.9052],[17.8118,42.9099],[17.8585,42.817],[18.2241,42.6281],[18.4374,42.5592]]],[[[16.8582,42.784],[16.9364,42.7555],[16.8343,42.7309],[16.803,42.7635],[16.8582,42.784]]],[[[17.6589,42.743],[17.7489,42.6946],[17.3738,42.76],[17.3237,42.7908],[17.3827,42.7917],[17.6589,42.743]]],[[[17.1318,42.9695],[17.1934,42.9143],[17.0153,42.9286],[16.8514,42.9007],[16.6554,42.9263],[16.7068,42.9621],[16.6317,42.9826],[16.6748,42.9929],[16.8241,42.9621],[17.1318,42.9695]]],[[[16.2412,43.072],[16.2103,43.0333],[16.1213,43.0134],[16.0632,43.0174],[16.0693,43.0515],[16.053,43.0683],[16.1302,43.0884],[16.2412,43.072]]],[[[16.6931,43.1273],[16.3716,43.1955],[16.4964,43.2181],[16.5833,43.1887],[16.5205,43.229],[16.5871,43.2163],[16.6595,43.216],[16.7277,43.1646],[17.1934,43.1273],[16.6931,43.1273]]],[[[16.5007,43.2842],[16.4058,43.3327],[16.4535,43.3532],[16.4263,43.3941],[16.8098,43.3532],[16.8923,43.3122],[16.8462,43.2734],[16.5007,43.2842]]],[[[16.3914,43.3464],[16.2034,43.4],[16.277,43.4119],[16.3914,43.3464]]],[[[15.6789,43.648],[15.7404,43.6275],[15.6813,43.6403],[15.672,43.6374],[15.6631,43.6457],[15.6196,43.6689],[15.6038,43.6747],[15.6113,43.6821],[15.6155,43.677],[15.6196,43.6754],[15.6502,43.673],[15.6616,43.6655],[15.6697,43.6557],[15.6789,43.648]]],[[[15.2612,43.8671],[15.3957,43.7724],[15.3089,43.8056],[15.2334,43.8622],[15.2612,43.8671]]],[[[15.3027,43.9664],[15.2612,44.0111],[15.384,43.9702],[15.4461,43.8875],[15.3027,43.9664]]],[[[15.2544,44.0179],[15.1488,44.0764],[15.0625,44.1619],[15.2258,44.0662],[15.2544,44.0179]]],[[[14.8428,44.1483],[14.8692,44.1405],[14.8352,44.1417],[14.8224,44.1687],[14.8428,44.1483]]],[[[15.1445,43.9497],[15.2202,43.9012],[15.1333,43.9212],[15.1945,43.8726],[15.1213,43.9126],[15.0031,44.0523],[14.8678,44.152],[15.0073,44.093],[15.0414,44.0264],[15.1445,43.9497]]],[[[14.877,44.5598],[14.7381,44.7031],[14.8452,44.6005],[14.8838,44.5797],[14.9041,44.61],[15.0412,44.5275],[15.0559,44.4862],[14.9111,44.5455],[15.048,44.4394],[15.0967,44.4152],[15.0415,44.4766],[15.0833,44.4619],[15.1991,44.381],[15.2544,44.34],[15.1651,44.3674],[15.2202,44.3127],[15.1309,44.3326],[15.1724,44.2991],[15.1288,44.312],[15.0892,44.3742],[15.1172,44.3872],[15.049,44.3947],[14.8975,44.4909],[14.9186,44.5045],[14.877,44.5598]]],[[[14.4456,44.566],[14.5266,44.5037],[14.512,44.4822],[14.438,44.5646],[14.3699,44.5797],[14.3358,44.7168],[14.3975,44.6856],[14.4041,44.6103],[14.4456,44.566]]],[[[14.7405,44.7783],[14.7541,44.7578],[14.6995,44.7652],[14.6579,44.7988],[14.7268,44.7988],[14.7058,44.8269],[14.6858,44.8472],[14.7533,44.8459],[14.7405,44.8205],[14.8512,44.7373],[14.8496,44.7032],[14.7405,44.7783]]],[[[14.5139,44.6622],[14.5344,44.6343],[14.5134,44.6188],[14.4279,44.6566],[14.2942,44.9086],[14.3015,44.9434],[14.3874,44.909],[14.4041,44.9495],[14.2785,45.1133],[14.3137,45.1724],[14.3562,45.1693],[14.3877,45.039],[14.4735,44.9714],[14.4519,44.7988],[14.5139,44.6622]]],[[[14.7234,44.9433],[14.6289,44.9782],[14.6209,45.0456],[14.617,45.0246],[14.5105,45.0322],[14.4251,45.0873],[14.5301,45.1348],[14.5438,45.2357],[14.5959,45.2375],[14.6238,45.1755],[14.5974,45.1664],[14.6653,45.1618],[14.6653,45.0873],[14.7405,45.0731],[14.7998,45.0052],[14.815,44.9775],[14.7234,44.9433]]],[[[16.3103,43.5078],[16.3708,43.4843],[16.2183,43.4863],[16.3103,43.5078]]],[[[14.7598,44.2921],[14.7897,44.2669],[14.7485,44.2617],[14.7598,44.2921]]],[[[14.6135,44.3408],[14.6436,44.3258],[14.6614,44.3087],[14.6574,44.3052],[14.6408,44.3118],[14.5989,44.3391],[14.5951,44.3471],[14.6135,44.3408]]],[[[14.7979,44.3777],[14.801,44.3431],[14.7562,44.364],[14.7634,44.4154],[14.8032,44.4055],[14.7979,44.3777]]],[[[14.2442,44.6614],[14.2804,44.6776],[14.2567,44.637],[14.2712,44.6125],[14.2326,44.626],[14.2442,44.6614]]]]}},{"type":"Feature","properties":{"cc":"HU"},"geometry":{"type":"MultiPolygon","coordinates":[[[[22.8776,47.9467],[22.7636,47.8748],[22.7518,47.8277],[22.6377,47.7716],[22.563,47.7572],[22.4544,47.7874],[22.3959,47.7357],[22.2731,47.7238],[22.1621,47.5862],[22.0079,47.5174],[22.0016,47.3938],[21.8622,47.2974],[21.7638,47.1052],[21.6328,47.0227],[21.6714,46.9934],[21.5899,46.9089],[21.5834,46.8479],[21.5029,46.8053],[21.4705,46.743],[21.5018,46.7035],[21.396,46.6264],[21.301,46.6039],[21.2451,46.4769],[21.2807,46.4164],[21.1956,46.3981],[21.1445,46.2837],[21.0515,46.2361],[20.7987,46.2676],[20.664,46.1378],[20.4685,46.1741],[20.4442,46.1469],[20.2832,46.1438],[20.2428,46.1081],[20.0984,46.155],[19.9291,46.1635],[19.7904,46.1291],[19.6693,46.1731],[19.5499,46.1642],[19.4537,46.0776],[19.307,46.0266],[19.2635,45.9814],[19.148,45.9841],[19.0885,46.0188],[19.0486,45.9634],[18.9818,45.9508],[18.9818,45.9218],[18.8865,45.9304],[18.7755,45.8828],[18.6556,45.9076],[18.5735,45.8167],[18.4117,45.7432],[18.2112,45.7854],[17.8581,45.7717],[17.8092,45.8144],[17.6565,45.8454],[17.5911,45.9362],[17.4062,45.9437],[17.2901,45.9846],[17.3168,45.9977],[17.2759,46.012],[17.2086,46.1166],[17.0529,46.1535],[16.8892,46.2922],[16.8377,46.3819],[16.7551,46.3819],[16.6593,46.4642],[16.5153,46.5017],[16.5008,46.5448],[16.3764,46.6291],[16.405,46.6873],[16.3576,46.699],[16.2982,46.7758],[16.3298,46.8344],[16.2822,46.8599],[16.094,46.8628],[16.2749,47.0043],[16.4864,46.9986],[16.4247,47.0241],[16.4932,47.0491],[16.4543,47.0817],[16.5095,47.1375],[16.4337,47.1458],[16.4418,47.1771],[16.4128,47.1872],[16.4214,47.2431],[16.4732,47.2768],[16.4244,47.3452],[16.434,47.3969],[16.5894,47.4256],[16.688,47.5226],[16.6302,47.622],[16.4078,47.6613],[16.5678,47.7542],[16.7975,47.6755],[16.8502,47.7129],[16.9027,47.682],[17.0754,47.7085],[17.0506,47.731],[17.0556,47.8124],[17.0041,47.8633],[17.0676,47.8816],[17.0856,47.9701],[17.1848,48.0203],[17.3379,47.9987],[17.5726,47.8295],[17.8257,47.75],[18.6928,47.778],[18.8165,47.8326],[18.7488,47.8707],[18.7432,47.9711],[18.8385,48.04],[19.4282,48.0859],[19.4817,48.1113],[19.514,48.204],[19.6232,48.227],[19.7566,48.2003],[19.7761,48.1495],[19.9286,48.1301],[20.1053,48.2028],[20.1345,48.2467],[20.3243,48.2799],[20.4817,48.4787],[20.4817,48.5261],[20.8003,48.5692],[21.1093,48.4891],[21.2618,48.5032],[21.3218,48.5476],[21.4246,48.5613],[21.5917,48.493],[21.6776,48.3723],[21.759,48.3338],[22.202,48.4182],[22.2718,48.4035],[22.2568,48.3573],[22.2913,48.3576],[22.3571,48.2431],[22.4814,48.2426],[22.6055,48.097],[22.7457,48.1163],[22.8014,48.091],[22.8548,48.0473],[22.8324,47.9789],[22.8776,47.9467]]]]}},{"type":"Feature","properties":{"cc":"IT"},"geometry":{"type":"MultiPolygon","coordinates":[[[[7.0221,45.9253],[7.0902,45.8805],[7.1535,45.8765],[7.2867,45.9134],[7.3618,45.9078],[7.3938,45.9157],[7.453,45.9459],[7.5037,45.9567],[7.5244,45.9781],[7.5411,45.9841],[7.643,45.9663],[7.7063,45.9257],[7.732,45.9304],[7.7801,45.9181],[7.8437,45.9192],[7.8496,45.9397],[7.8702,45.9404],[7.8838,45.9739],[7.9858,45.9993],[8.0107,46.0297],[8.0253,46.0911],[8.0669,46.1006],[8.1106,46.127],[8.1323,46.1594],[8.1295,46.196],[8.0999,46.2356],[8.0731,46.2536],[8.0873,46.2718],[8.1069,46.2855],[8.1926,46.3092],[8.2417,46.3541],[8.2815,46.3701],[8.2975,46.3875],[8.2866,46.4054],[8.3163,46.4337],[8.3992,46.4522],[8.4279,46.4487],[8.4416,46.4349],[8.4458,46.4124],[8.4429,46.3534],[8.4232,46.2758],[8.4381,46.2354],[8.5103,46.2079],[8.6018,46.1228],[8.6775,46.0958],[8.6951,46.0952],[8.7239,46.1095],[8.7471,46.0944],[8.8089,46.0897],[8.8344,46.0664],[8.7679,45.9831],[8.8004,45.9785],[8.871,45.9471],[8.9121,45.8834],[8.9138,45.8661],[8.9,45.8264],[8.9396,45.8348],[9.0024,45.8207],[9.0344,45.8481],[9.0593,45.882],[9.0631,45.899],[9.0517,45.9155],[9.0108,45.9267],[8.9805,45.9644],[9.0156,45.9931],[8.9978,46.0279],[9.0021,46.0393],[9.0592,46.0618],[9.0703,46.0834],[9.0721,46.1189],[9.0906,46.1382],[9.1632,46.1723],[9.1813,46.2041],[9.2248,46.2312],[9.2752,46.3314],[9.2604,46.3797],[9.2609,46.4167],[9.238,46.4365],[9.2632,46.4851],[9.2823,46.4974],[9.3508,46.4979],[9.3516,46.4855],[9.3846,46.4664],[9.4346,46.4983],[9.4444,46.3753],[9.4826,46.3568],[9.5026,46.3207],[9.5365,46.2986],[9.6743,46.2918],[9.7084,46.3117],[9.7093,46.3424],[9.7201,46.3509],[9.7681,46.3386],[9.8554,46.367],[9.9184,46.3712],[9.964,46.3561],[9.9776,46.2981],[10.0317,46.2601],[10.0418,46.2431],[10.0427,46.2205],[10.0757,46.22],[10.1458,46.2433],[10.1589,46.2624],[10.0918,46.329],[10.0975,46.3516],[10.1332,46.3811],[10.1408,46.4029],[10.1334,46.414],[10.0421,46.4327],[10.0263,46.4463],[10.044,46.467],[10.0281,46.4839],[10.0328,46.533],[10.0712,46.5644],[10.0878,46.6044],[10.1921,46.6268],[10.2179,46.627],[10.2338,46.618],[10.2347,46.5753],[10.2759,46.5655],[10.2954,46.5511],[10.444,46.5377],[10.4659,46.5785],[10.4591,46.6236],[10.4382,46.6357],[10.3956,46.6388],[10.3775,46.6533],[10.3692,46.6724],[10.3944,46.7008],[10.3997,46.7355],[10.4287,46.7556],[10.4172,46.7989],[10.4449,46.8232],[10.4538,46.8644],[10.4863,46.8464],[10.5277,46.8432],[10.6471,46.8638],[10.739,46.8295],[10.7487,46.8194],[10.7169,46.7952],[10.7229,46.7864],[10.7548,46.7908],[10.7951,46.7769],[10.8341,46.7802],[10.8704,46.7641],[10.9309,46.774],[10.9969,46.7691],[11.0333,46.8056],[11.0528,46.8149],[11.0543,46.8341],[11.0919,46.9124],[11.1745,46.9639],[11.3138,46.9873],[11.4112,46.9705],[11.4718,47.0071],[11.5244,46.9883],[11.5965,47.0004],[11.6838,46.9919],[11.7349,46.9706],[11.7771,46.9883],[11.8225,46.9933],[11.8995,47.0277],[11.9436,47.0382],[12.015,47.0405],[12.1162,47.0766],[12.1806,47.0852],[12.2042,47.0797],[12.2036,47.0533],[12.1823,47.0336],[12.1217,47.0105],[12.1112,46.993],[12.1417,46.928],[12.1416,46.9188],[12.1269,46.9089],[12.1722,46.8992],[12.1951,46.8801],[12.2666,46.8681],[12.2758,46.8463],[12.2691,46.7886],[12.3427,46.7651],[12.3704,46.7112],[12.405,46.6901],[12.4999,46.6721],[12.5473,46.6522],[12.6202,46.6565],[12.6696,46.653],[12.7066,46.6377],[12.7399,46.643],[12.8304,46.6096],[13.0645,46.598],[13.1465,46.585],[13.2311,46.5522],[13.2714,46.5508],[13.3733,46.5658],[13.478,46.5636],[13.5068,46.5469],[13.5492,46.5458],[13.6703,46.5187],[13.701,46.5197],[13.6884,46.4678],[13.6775,46.4521],[13.6002,46.4426],[13.53,46.3883],[13.4341,46.3539],[13.3913,46.3016],[13.3653,46.2903],[13.3847,46.2433],[13.4101,46.208],[13.4374,46.2109],[13.4228,46.2286],[13.4683,46.2234],[13.5102,46.214],[13.559,46.1841],[13.6374,46.1804],[13.645,46.1617],[13.6164,46.125],[13.5051,46.066],[13.4823,46.0448],[13.4903,46.0389],[13.49,46.0256],[13.4618,46.0064],[13.5094,45.9674],[13.6059,45.9854],[13.6228,45.9664],[13.6082,45.9266],[13.5693,45.8645],[13.566,45.8303],[13.5813,45.8092],[13.6603,45.792],[13.7095,45.7653],[13.7787,45.7434],[13.8584,45.6494],[13.8947,45.6318],[13.8478,45.5847],[13.8005,45.5812],[13.7611,45.5962],[13.7118,45.5932],[13.7302,45.6131],[13.8081,45.6143],[13.7393,45.6491],[13.7577,45.655],[13.7537,45.6723],[13.7262,45.7038],[13.6289,45.7726],[13.5742,45.7896],[13.5513,45.7924],[13.5344,45.782],[13.5242,45.7601],[13.5283,45.7405],[13.5549,45.7372],[13.4017,45.6754],[13.3767,45.6832],[13.4092,45.6913],[13.4314,45.7069],[13.4226,45.7241],[13.3817,45.73],[13.3694,45.7446],[13.3518,45.7403],[13.2549,45.756],[13.2155,45.7788],[13.1694,45.7687],[13.1497,45.7515],[13.1193,45.772],[13.1082,45.7582],[13.1229,45.7372],[13.0806,45.7276],[13.0696,45.7137],[13.075,45.6968],[13.0915,45.6892],[13.1497,45.7038],[13.103,45.669],[13.085,45.6419],[12.9439,45.6286],[12.7808,45.5535],[12.4237,45.4381],[12.4103,45.4362],[12.4358,45.4749],[12.4309,45.484],[12.4473,45.4843],[12.4514,45.4982],[12.4719,45.4859],[12.4787,45.4908],[12.465,45.5045],[12.4973,45.5067],[12.5066,45.4982],[12.4929,45.4982],[12.4929,45.4908],[12.5151,45.4927],[12.5215,45.519],[12.5625,45.5316],[12.5817,45.5529],[12.5373,45.5358],[12.5105,45.5591],[12.5066,45.5733],[12.4585,45.5483],[12.4419,45.5303],[12.4514,45.5119],[12.4177,45.5236],[12.4036,45.5181],[12.3967,45.5393],[12.3841,45.523],[12.3904,45.514],[12.424,45.5045],[12.424,45.4982],[12.3934,45.4916],[12.3805,45.4948],[12.3831,45.5045],[12.3504,45.5049],[12.3096,45.4889],[12.2727,45.4636],[12.2527,45.4362],[12.259,45.43],[12.2461,45.4113],[12.259,45.3952],[12.2492,45.3855],[12.2453,45.3611],[12.2238,45.3539],[12.2322,45.3406],[12.2163,45.3162],[12.1875,45.3065],[12.1545,45.3135],[12.1491,45.2922],[12.1688,45.2622],[12.1807,45.258],[12.1994,45.2746],[12.1974,45.2996],[12.2173,45.2938],[12.2249,45.2512],[12.2111,45.243],[12.2249,45.2307],[12.2214,45.2163],[12.2305,45.2043],[12.2664,45.1966],[12.259,45.2028],[12.3073,45.2307],[12.298,45.2154],[12.3211,45.1723],[12.3285,45.101],[12.3073,45.1079],[12.3073,45.1284],[12.2967,45.0886],[12.3067,45.0786],[12.3285,45.0799],[12.3211,45.0936],[12.3408,45.0814],[12.3762,45.039],[12.3762,45.0322],[12.3552,45.0246],[12.3688,45.011],[12.3866,45.0388],[12.3688,45.0656],[12.4134,45.0429],[12.4103,45.0322],[12.4862,44.9765],[12.4992,44.9837],[12.4861,44.9837],[12.4861,44.9912],[12.5026,44.9914],[12.5339,44.97],[12.5127,44.9223],[12.499,44.9215],[12.4873,44.8623],[12.4446,44.8205],[12.424,44.8546],[12.4392,44.8776],[12.4383,44.9011],[12.4269,44.905],[12.4069,44.8913],[12.3916,44.8588],[12.4165,44.8511],[12.4082,44.8362],[12.3967,44.8335],[12.3967,44.8266],[12.424,44.8205],[12.4162,44.8033],[12.3757,44.7922],[12.303,44.8429],[12.2664,44.8266],[12.2664,44.8205],[12.28,44.8205],[12.2466,44.7116],[12.2527,44.6684],[12.2858,44.6027],[12.2837,44.4876],[12.3182,44.3612],[12.3421,44.3295],[12.3503,44.2882],[12.3688,44.2507],[12.4788,44.1394],[12.5474,44.0935],[12.5742,44.0856],[12.6314,44.0301],[12.6916,43.9906],[12.804,43.9669],[12.8622,43.9354],[12.9289,43.9158],[12.9473,43.8976],[13.2533,43.7032],[13.3997,43.6356],[13.4734,43.612],[13.5044,43.6328],[13.5161,43.6317],[13.5432,43.6132],[13.5789,43.5729],[13.6156,43.5605],[13.6245,43.5472],[13.617,43.5313],[13.7803,43.2365],[13.7908,43.1921],[13.8348,43.1273],[13.8654,43.0073],[13.9447,42.7983],[14.0012,42.6984],[14.0632,42.6248],[14.0754,42.5988],[14.2206,42.4702],[14.3874,42.373],[14.429,42.3217],[14.5602,42.2257],[14.7092,42.1755],[14.7295,42.0991],[14.7407,42.0846],[14.7801,42.0753],[14.8711,42.0318],[14.9937,42.0106],[15.0452,41.969],[15.1234,41.9343],[15.1654,41.9278],[15.2817,41.928],[15.4461,41.9069],[15.6113,41.928],[15.7744,41.9212],[16.0271,41.9441],[16.1405,41.9199],[16.1609,41.8926],[16.1792,41.8933],[16.176,41.8774],[16.1922,41.8214],[16.1929,41.7909],[16.1458,41.7488],[16.1072,41.7376],[16.0275,41.6799],[15.9253,41.64],[15.9001,41.6147],[15.8914,41.5769],[15.8963,41.5364],[15.9118,41.5029],[15.9336,41.4794],[16.0217,41.4278],[16.0851,41.4127],[16.1141,41.3929],[16.3014,41.3279],[16.4603,41.2626],[16.5207,41.2501],[16.5939,41.207],[16.8306,41.1463],[16.8514,41.133],[16.8644,41.1404],[16.8853,41.124],[17.0571,41.0819],[17.2031,41.021],[17.2764,40.9802],[17.3612,40.9064],[17.4136,40.8811],[17.4761,40.8301],[17.5483,40.8019],[17.6345,40.785],[17.7484,40.7476],[17.8439,40.6942],[17.9219,40.683],[17.9558,40.6705],[17.9549,40.6469],[18.007,40.6507],[18.0158,40.6252],[18.0432,40.602],[18.0374,40.557],[18.12,40.5046],[18.2383,40.4577],[18.2588,40.4306],[18.3032,40.3999],[18.3438,40.3516],[18.3705,40.3387],[18.4373,40.2679],[18.5,40.1525],[18.5161,40.1392],[18.5111,40.1276],[18.5174,40.1142],[18.5081,40.0945],[18.4919,40.0847],[18.4836,40.0552],[18.4341,40.0225],[18.4114,39.9788],[18.3926,39.9161],[18.4001,39.8786],[18.3892,39.8171],[18.3683,39.7966],[18.3384,39.8001],[18.2821,39.8332],[18.2113,39.8393],[18.0715,39.9115],[17.9954,39.9953],[17.9954,40.0027],[18.0203,40.0102],[18.0158,40.0362],[17.9675,40.0573],[18.0029,40.0744],[18.011,40.096],[17.9972,40.1204],[17.926,40.1763],[17.917,40.2269],[17.8997,40.2491],[17.9128,40.2491],[17.9128,40.2553],[17.8631,40.2856],[17.5121,40.3037],[17.4404,40.331],[17.3994,40.331],[17.3682,40.3515],[17.2129,40.4062],[17.2002,40.4204],[17.243,40.4414],[17.2479,40.4573],[17.2276,40.4744],[17.2474,40.4803],[17.2957,40.4732],[17.3163,40.4819],[17.3233,40.4985],[17.2617,40.4887],[17.2686,40.4962],[17.2474,40.5028],[17.19,40.4819],[17.156,40.5124],[17.0496,40.5191],[16.9761,40.4926],[16.9121,40.4452],[16.7827,40.3016],[16.7307,40.2007],[16.716,40.1936],[16.6795,40.1461],[16.6245,40.108],[16.6047,40.0845],[16.5994,40.0341],[16.6316,39.9662],[16.5892,39.9198],[16.5422,39.8854],[16.4917,39.8055],[16.4898,39.7752],[16.5021,39.7471],[16.5286,39.7215],[16.5156,39.6896],[16.5459,39.6609],[16.6248,39.6253],[16.7498,39.62],[16.7825,39.6116],[16.8161,39.5911],[16.8462,39.5527],[16.906,39.5297],[16.953,39.4992],[17.0115,39.4862],[17.0571,39.4416],[17.0886,39.4226],[17.1242,39.409],[17.1587,39.4062],[17.1222,39.3383],[17.1145,39.2694],[17.1457,39.2107],[17.1222,39.121],[17.1245,39.0909],[17.1585,39.0405],[17.2064,39.0295],[17.1724,39.0052],[17.1724,38.9605],[17.1277,38.9288],[17.104,38.8991],[17.095,38.9191],[17.0706,38.9228],[17.022,38.906],[16.9963,38.9295],[16.9573,38.9401],[16.8386,38.9182],[16.7278,38.8789],[16.5856,38.7978],[16.5388,38.7233],[16.5348,38.6999],[16.5491,38.6899],[16.5588,38.596],[16.577,38.5286],[16.5696,38.4295],[16.5081,38.3715],[16.4671,38.3487],[16.3399,38.3008],[16.3063,38.2771],[16.1694,38.1432],[16.1519,38.1108],[16.1255,38.0048],[16.1013,37.9605],[16.0772,37.9399],[16.001,37.919],[15.9421,37.9331],[15.7615,37.9252],[15.7083,37.941],[15.6658,37.9669],[15.6351,38.0091],[15.6384,38.0277],[15.6585,38.0425],[15.624,38.0921],[15.6478,38.1431],[15.6328,38.2203],[15.6506,38.241],[15.7865,38.278],[15.8128,38.3006],[15.8298,38.351],[15.9048,38.4739],[15.9178,38.5168],[15.916,38.5504],[15.9001,38.5783],[15.8355,38.6282],[15.8366,38.649],[15.8445,38.6604],[15.9048,38.6794],[16.0026,38.7254],[16.1209,38.7209],[16.1526,38.7309],[16.1792,38.7483],[16.2009,38.7764],[16.2151,38.8142],[16.2201,38.8991],[16.2046,38.9341],[16.1543,38.955],[16.083,39.0753],[16.034,39.3452],[15.9954,39.4388],[15.9331,39.5137],[15.8675,39.5639],[15.8366,39.6527],[15.8064,39.6955],[15.7887,39.7966],[15.7697,39.8301],[15.7819,39.8686],[15.7744,39.8911],[15.7415,39.9296],[15.728,39.9642],[15.6304,40.0577],[15.6243,40.0778],[15.5349,40.0778],[15.4598,40.0294],[15.4296,39.9998],[15.4101,39.994],[15.3432,40.0041],[15.3143,40.0338],[15.2612,40.0294],[15.2791,40.0477],[15.2634,40.0737],[15.2339,40.1],[15.19,40.1191],[15.1272,40.1696],[15.1128,40.1748],[15.0472,40.1689],[15.0031,40.2103],[14.9571,40.2315],[14.9381,40.2278],[14.9111,40.2416],[14.9069,40.2586],[14.9319,40.2855],[14.9391,40.3071],[14.9324,40.3337],[14.9945,40.3584],[14.9983,40.3976],[14.8888,40.5731],[14.8355,40.6326],[14.782,40.6699],[14.7522,40.6767],[14.6904,40.6491],[14.6257,40.6491],[14.5713,40.6177],[14.5442,40.6136],[14.4866,40.6326],[14.422,40.6155],[14.3426,40.5706],[14.3298,40.5845],[14.328,40.6054],[14.3377,40.6244],[14.3874,40.6369],[14.4442,40.686],[14.4764,40.6951],[14.4741,40.7297],[14.4426,40.7551],[14.4213,40.7509],[14.3944,40.7616],[14.2942,40.8388],[14.2236,40.8314],[14.2035,40.8012],[14.1822,40.8009],[14.1656,40.8158],[14.096,40.8338],[14.0825,40.8313],[14.0762,40.8222],[14.0825,40.7835],[14.0477,40.7896],[14.0412,40.7965],[14.0523,40.8376],[14.0445,40.8742],[14.0213,40.9218],[13.9653,40.9964],[13.918,41.0237],[13.9107,41.0646],[13.8517,41.1473],[13.7905,41.2059],[13.7219,41.2524],[13.6633,41.2507],[13.6566,41.2596],[13.5944,41.2531],[13.5637,41.238],[13.5755,41.2081],[13.544,41.2066],[13.5144,41.2297],[13.4997,41.2217],[13.4802,41.2392],[13.3244,41.2948],[13.2858,41.2957],[13.187,41.278],[13.1145,41.2509],[13.0905,41.2265],[13.0682,41.2217],[13.0446,41.2275],[13.0237,41.2736],[12.9795,41.331],[12.8936,41.3993],[12.8416,41.4184],[12.7485,41.4237],[12.654,41.4656],[12.6353,41.4475],[12.5456,41.5441],[12.448,41.6308],[12.3272,41.7114],[12.239,41.7363],[12.2152,41.7681],[12.2062,41.8273],[12.1702,41.8796],[12.1475,41.9035],[12.0388,41.9652],[12.0204,41.9931],[11.9822,41.9997],[11.9168,42.0379],[11.8275,42.0342],[11.8094,42.0664],[11.7502,42.1279],[11.7362,42.1689],[11.6582,42.2794],[11.5391,42.3489],[11.4893,42.3594],[11.3962,42.393],[11.3962,42.4004],[11.3766,42.4069],[11.333,42.4006],[11.259,42.4208],[11.2113,42.4189],[11.1838,42.3663],[11.1559,42.3663],[11.1345,42.3842],[11.1066,42.3913],[11.0868,42.4184],[11.0991,42.4429],[11.1642,42.4398],[11.1884,42.4803],[11.1869,42.5208],[11.1585,42.564],[11.1287,42.5581],[11.0974,42.6069],[11.0809,42.6127],[11.0778,42.6322],[11.0057,42.6679],[10.99,42.7103],[10.9436,42.743],[10.8909,42.7639],[10.7313,42.8044],[10.7554,42.8192],[10.7649,42.8353],[10.7656,42.8771],[10.7777,42.8947],[10.7635,42.9183],[10.6814,42.949],[10.6325,42.9585],[10.5833,42.9597],[10.5391,42.9491],[10.5466,42.9348],[10.5186,42.9253],[10.4995,42.9405],[10.4776,42.9901],[10.5171,43.0239],[10.5391,43.0794],[10.5357,43.1126],[10.5466,43.1471],[10.5344,43.1853],[10.5282,43.2468],[10.437,43.3886],[10.3734,43.4532],[10.3263,43.4769],[10.3172,43.4926],[10.2948,43.5685],[10.264,43.8094],[10.2516,43.8466],[10.2101,43.9202],[10.1807,43.9553],[10.1365,43.9787],[10.0906,44.0254],[9.9885,44.0598],[9.9627,44.0447],[9.888,44.093],[9.8768,44.0878],[9.8447,44.1086],[9.8264,44.1072],[9.8333,44.0998],[9.8196,44.093],[9.8475,44.0725],[9.8333,44.0521],[9.8464,44.0463],[9.8323,44.0423],[9.8198,44.0634],[9.7718,44.0794],[9.6826,44.1365],[9.6211,44.1483],[9.573,44.1916],[9.499,44.2218],[9.4844,44.2438],[9.4368,44.2395],[9.4224,44.2568],[9.3745,44.2718],[9.3677,44.2944],[9.2306,44.3537],[9.2137,44.3334],[9.2107,44.3053],[9.1467,44.3286],[9.1486,44.34],[9.1301,44.3633],[9.1021,44.374],[9.0012,44.3873],[8.9237,44.4116],[8.8454,44.4135],[8.827,44.4285],[8.7624,44.4321],[8.7372,44.4288],[8.6786,44.3947],[8.6551,44.3947],[8.5938,44.3627],[8.5648,44.3572],[8.4661,44.3043],[8.4445,44.2839],[8.4497,44.2644],[8.4354,44.2404],[8.4119,44.227],[8.4082,44.1935],[8.3945,44.1824],[8.2847,44.1483],[8.2565,44.1284],[8.2332,44.1036],[8.23,44.0725],[8.2163,44.0452],[8.1691,44.0067],[8.1527,43.9832],[8.168,43.9565],[8.1447,43.9526],[8.1152,43.9277],[8.0892,43.9199],[8.0677,43.8967],[8.0314,43.8875],[7.9597,43.8529],[7.7858,43.822],[7.7366,43.7982],[7.5441,43.7845],[7.5023,43.7922],[7.4779,43.8655],[7.5569,43.9441],[7.6309,43.9935],[7.6534,44.0397],[7.6899,44.0673],[7.6919,44.0846],[7.6419,44.1436],[7.6556,44.1761],[7.6247,44.1801],[7.5836,44.1607],[7.3808,44.1229],[7.3406,44.1237],[7.3093,44.1475],[7.2513,44.16],[7.145,44.2072],[7.0461,44.2403],[6.9961,44.2378],[6.9734,44.2494],[6.9592,44.2773],[6.9212,44.3022],[6.896,44.3398],[6.8698,44.3629],[6.8663,44.3772],[6.8772,44.4144],[6.9178,44.4363],[6.8613,44.4749],[6.8388,44.5029],[6.8357,44.534],[6.8464,44.5475],[6.8973,44.5754],[6.9456,44.6254],[6.9343,44.6467],[6.9415,44.667],[6.9599,44.6832],[6.9828,44.6922],[7.0552,44.6849],[7.019,44.7389],[6.9984,44.7938],[7.0049,44.828],[6.9828,44.847],[6.9327,44.8617],[6.8471,44.8591],[6.7454,44.9078],[6.7279,44.9287],[6.7235,45.0134],[6.6972,45.0269],[6.6517,45.0356],[6.6397,45.0504],[6.6366,45.0745],[6.6027,45.1035],[6.6674,45.1396],[6.7022,45.1412],[6.7364,45.1573],[6.8441,45.1301],[6.8767,45.1412],[6.8682,45.1575],[6.8735,45.1659],[6.9138,45.1702],[6.9587,45.2098],[7.0297,45.2282],[7.0555,45.2137],[7.0812,45.2431],[7.1084,45.2592],[7.0926,45.324],[7.1508,45.3832],[7.1607,45.4109],[7.0968,45.4354],[7.072,45.47],[6.9828,45.5111],[6.9698,45.567],[6.9529,45.5943],[6.9695,45.6258],[6.9634,45.6407],[6.8161,45.6968],[6.7959,45.7181],[6.782,45.7775],[6.7881,45.8117],[6.8008,45.8265],[6.8434,45.8386],[6.8644,45.8269],[6.8735,45.8448],[6.949,45.8578],[6.9692,45.8698],[6.9972,45.9113],[7.0221,45.9253]]],[[[11.9995,36.8359],[12.0515,36.7904],[12.0535,36.7676],[12.0306,36.7414],[11.9961,36.7449],[11.9612,36.7652],[11.925,36.812],[11.9222,36.8284],[11.9343,36.8359],[11.9513,36.8428],[11.9873,36.8242],[11.9995,36.8359]]],[[[12.2732,37.9395],[12.3142,37.9464],[12.3688,37.9252],[12.3577,37.914],[12.3142,37.9252],[12.2997,37.9193],[12.2878,37.9215],[12.2732,37.9395]]],[[[15.5287,38.3026],[15.6516,38.2753],[15.6483,38.2668],[15.6243,38.2617],[15.5697,38.227],[15.5599,38.1998],[15.5759,38.2002],[15.527,38.1368],[15.5003,38.0849],[15.3926,37.9761],[15.2663,37.8119],[15.2412,37.7956],[15.2131,37.7615],[15.2066,37.7477],[15.2202,37.7067],[15.2022,37.6854],[15.1638,37.5677],[15.1159,37.5223],[15.0916,37.4775],[15.0921,37.3605],[15.1035,37.3298],[15.18,37.2908],[15.2175,37.285],[15.252,37.2577],[15.2612,37.2338],[15.2449,37.2462],[15.2202,37.2202],[15.2217,37.2375],[15.2054,37.2447],[15.1929,37.24],[15.1991,37.2276],[15.1834,37.2075],[15.1947,37.1763],[15.2165,37.1552],[15.2332,37.1649],[15.2476,37.1587],[15.2476,37.1518],[15.2292,37.1496],[15.2466,37.1182],[15.3032,37.1012],[15.3027,37.0625],[15.2879,37.069],[15.2837,37.0484],[15.3211,37.0402],[15.3324,37.0116],[15.3089,37.0178],[15.2681,37.0004],[15.2749,36.9936],[15.2638,36.9871],[15.2681,36.9731],[15.2445,36.9721],[15.1747,36.9441],[15.1584,36.9242],[15.1066,36.8086],[15.094,36.7995],[15.1172,36.7471],[15.1343,36.6752],[15.0939,36.6549],[15.0736,36.6591],[15.0331,36.6939],[15.0072,36.7028],[14.9824,36.6889],[14.8822,36.7307],[14.8469,36.7263],[14.7808,36.6994],[14.7734,36.71],[14.7609,36.7062],[14.7443,36.7191],[14.6846,36.726],[14.6589,36.7538],[14.5822,36.7813],[14.5659,36.7783],[14.4873,36.7934],[14.3945,36.945],[14.3699,36.9731],[14.2788,37.044],[14.2085,37.0811],[14.1263,37.1123],[14.0886,37.1177],[13.9763,37.1103],[13.9385,37.0959],[13.8944,37.1008],[13.8327,37.1396],[13.7158,37.1714],[13.5692,37.2735],[13.4886,37.2885],[13.4216,37.3144],[13.278,37.3937],[13.2533,37.4318],[13.1892,37.4697],[13.1741,37.487],[13.0515,37.5007],[13.0264,37.4932],[13.0104,37.5069],[13.0,37.5355],[12.9741,37.5574],[12.9426,37.5685],[12.8622,37.5764],[12.6594,37.5651],[12.6362,37.5822],[12.5947,37.6379],[12.5635,37.6578],[12.5062,37.6655],[12.489,37.6827],[12.465,37.7198],[12.4563,37.7598],[12.427,37.797],[12.4274,37.8093],[12.465,37.8228],[12.4787,37.8812],[12.4641,37.9129],[12.4905,37.954],[12.5029,37.9971],[12.5042,38.0112],[12.4929,38.0214],[12.5234,38.0314],[12.5763,38.0717],[12.6084,38.0624],[12.6516,38.0915],[12.6624,38.1163],[12.7046,38.1108],[12.7254,38.1259],[12.7199,38.1755],[12.7318,38.1928],[12.7378,38.181],[12.7609,38.181],[12.7908,38.1171],[12.8184,38.0779],[12.9011,38.0281],[12.9442,38.0329],[13.0274,38.0624],[13.0614,38.0835],[13.0713,38.0955],[13.0547,38.1418],[13.0894,38.166],[13.0838,38.1747],[13.1009,38.1901],[13.2072,38.1761],[13.2303,38.1846],[13.239,38.207],[13.2544,38.2025],[13.3181,38.2206],[13.3284,38.2002],[13.3719,38.1728],[13.3733,38.1407],[13.3914,38.1032],[13.5135,38.1105],[13.5413,38.0941],[13.5474,38.0562],[13.6511,38.001],[13.6978,37.9936],[13.7119,37.9879],[13.7051,37.9805],[13.7908,37.9736],[13.8983,38.0045],[13.9385,38.0289],[14.0072,38.0383],[14.0205,38.0494],[14.0833,38.0238],[14.1514,38.0289],[14.2732,38.0151],[14.3846,38.0295],[14.4319,38.0494],[14.4641,38.0372],[14.5117,38.0444],[14.6346,38.0815],[14.6677,38.0992],[14.7337,38.1576],[14.7981,38.1603],[14.9071,38.1877],[14.945,38.1818],[14.9697,38.1592],[15.049,38.1518],[15.0687,38.1313],[15.0879,38.1282],[15.1774,38.1563],[15.2407,38.2412],[15.2372,38.2648],[15.2463,38.2543],[15.2407,38.2303],[15.2454,38.2172],[15.2918,38.207],[15.3997,38.2326],[15.5287,38.3026]]],[[[14.9663,38.4329],[14.9663,38.4187],[15.0017,38.3913],[15.0073,38.3777],[14.9985,38.371],[14.9868,38.3641],[14.9483,38.3964],[14.9453,38.4123],[14.9588,38.4329],[14.9663,38.4329]]],[[[14.9077,38.4739],[14.8994,38.4817],[14.9006,38.4987],[14.9097,38.5153],[14.9248,38.5224],[14.9579,38.522],[14.9661,38.5163],[14.9588,38.5019],[14.9793,38.4875],[14.9793,38.4814],[14.9526,38.4814],[14.9663,38.4534],[14.9487,38.4509],[14.9077,38.4739]]],[[[14.8633,38.549],[14.8617,38.5393],[14.7938,38.5716],[14.815,38.5838],[14.8514,38.5849],[14.877,38.5695],[14.8633,38.549]]],[[[8.4559,39.0736],[8.4631,39.0653],[8.4839,39.0698],[8.4593,39.0498],[8.4634,39.0425],[8.437,38.9672],[8.4219,38.9605],[8.4098,38.9618],[8.3649,39.0295],[8.3493,39.0622],[8.3535,39.0909],[8.346,39.0909],[8.346,39.0977],[8.3604,39.1181],[8.3859,39.105],[8.4446,39.1027],[8.4559,39.0736]]],[[[8.3058,39.1933],[8.312,39.1203],[8.3058,39.1046],[8.2694,39.1002],[8.2547,39.1071],[8.2573,39.1181],[8.2246,39.157],[8.23,39.1728],[8.3058,39.1933]]],[[[13.9447,40.7016],[13.9198,40.7045],[13.8901,40.6942],[13.8597,40.7077],[13.8491,40.7153],[13.8701,40.7487],[13.8628,40.7624],[13.8831,40.7624],[13.9658,40.7351],[13.9658,40.7153],[13.9447,40.7016]]],[[[8.2747,41.0573],[8.2512,41.0438],[8.2464,40.9936],[8.2096,40.9958],[8.2289,41.0417],[8.2756,41.0698],[8.2778,41.1057],[8.3021,41.105],[8.3262,41.1261],[8.3447,41.0862],[8.3324,41.0646],[8.2747,41.0573]]],[[[9.7922,40.557],[9.8264,40.5296],[9.8003,40.4555],[9.7617,40.3907],[9.7494,40.3773],[9.7124,40.3664],[9.6831,40.3242],[9.6455,40.2961],[9.6262,40.2631],[9.6311,40.1962],[9.6546,40.1446],[9.7323,40.0839],[9.6934,39.9929],[9.6873,39.9612],[9.6966,39.9338],[9.7097,39.9403],[9.7178,39.9338],[9.7145,39.9245],[9.6966,39.9195],[9.6843,39.8942],[9.6898,39.8717],[9.6831,39.8655],[9.6966,39.8519],[9.6843,39.8399],[9.6703,39.7938],[9.6763,39.7181],[9.6511,39.6525],[9.653,39.5668],[9.6284,39.5018],[9.6449,39.484],[9.6021,39.3557],[9.6035,39.3262],[9.6346,39.2969],[9.6073,39.289],[9.5819,39.2663],[9.5676,39.2381],[9.5733,39.2138],[9.5656,39.2051],[9.5799,39.1871],[9.5664,39.1492],[9.5227,39.1249],[9.5186,39.1046],[9.5071,39.1114],[9.5119,39.1244],[9.4963,39.1336],[9.4429,39.1244],[9.3451,39.1964],[9.2922,39.2213],[9.2853,39.2138],[9.2163,39.228],[9.1974,39.2211],[9.166,39.1871],[9.1369,39.1943],[9.073,39.2485],[9.0637,39.2431],[9.0387,39.2622],[9.0139,39.2639],[9.0257,39.256],[9.021,39.2404],[9.0379,39.2271],[9.075,39.2299],[9.0798,39.2246],[9.0789,39.2123],[9.0386,39.179],[9.0183,39.1461],[9.0187,39.1039],[9.0449,39.0513],[9.0293,39.0303],[9.0183,38.9953],[9.0257,38.9953],[9.0151,38.9897],[9.0046,38.9953],[8.8947,38.9023],[8.8775,38.8991],[8.8533,38.878],[8.8054,38.906],[8.8054,38.8854],[8.7666,38.9204],[8.7166,38.9326],[8.6688,38.9106],[8.6516,38.8915],[8.6551,38.8712],[8.641,38.8643],[8.6348,38.8712],[8.6428,38.89],[8.5999,38.8991],[8.615,38.923],[8.6155,38.9476],[8.6033,38.9649],[8.5801,38.9605],[8.5596,39.0567],[8.5443,39.0513],[8.5044,39.0629],[8.5181,39.0834],[8.5044,39.0909],[8.4828,39.0804],[8.4651,39.1195],[8.4543,39.1249],[8.4422,39.1181],[8.4354,39.166],[8.4188,39.1773],[8.4126,39.1757],[8.4157,39.166],[8.4095,39.1693],[8.3987,39.2012],[8.3801,39.2076],[8.3728,39.2221],[8.3767,39.2379],[8.4264,39.2833],[8.4321,39.3018],[8.4157,39.3237],[8.4172,39.339],[8.3821,39.3597],[8.374,39.3789],[8.405,39.4272],[8.3869,39.4698],[8.4353,39.5252],[8.4634,39.5769],[8.4559,39.5844],[8.4639,39.5979],[8.4622,39.6171],[8.4422,39.7147],[8.4461,39.7625],[8.4686,39.755],[8.5169,39.7021],[8.5383,39.696],[8.5658,39.7011],[8.5044,39.7215],[8.5068,39.7385],[8.5453,39.7829],[8.5181,39.7625],[8.5408,39.7893],[8.5521,39.8208],[8.5552,39.8527],[8.5453,39.8786],[8.4942,39.9124],[8.4631,39.9141],[8.4354,39.899],[8.4422,39.8928],[8.4634,39.899],[8.4447,39.8836],[8.4354,39.8581],[8.4287,39.8655],[8.4375,39.8768],[8.4183,39.8923],[8.3983,39.9053],[8.3936,39.9205],[8.4014,39.94],[8.3945,39.9884],[8.4071,40.0222],[8.3945,40.0362],[8.3772,40.0338],[8.4014,40.0499],[8.4597,40.0573],[8.4873,40.0895],[8.4851,40.1181],[8.4673,40.1447],[8.4596,40.216],[8.4764,40.2622],[8.4761,40.2921],[8.4413,40.3314],[8.4157,40.3453],[8.4082,40.3378],[8.386,40.3518],[8.3905,40.4423],[8.3656,40.4921],[8.3317,40.5107],[8.312,40.5781],[8.2915,40.5954],[8.2673,40.5941],[8.2163,40.5706],[8.196,40.5781],[8.2163,40.6122],[8.1934,40.6175],[8.1766,40.6066],[8.1618,40.5638],[8.1531,40.5778],[8.1406,40.6252],[8.1738,40.6416],[8.1974,40.6912],[8.1738,40.697],[8.1458,40.726],[8.1338,40.7289],[8.2153,40.8814],[8.2097,40.9145],[8.1789,40.9282],[8.2022,40.9753],[8.2362,40.9548],[8.2332,40.9101],[8.2778,40.8654],[8.3102,40.8507],[8.4779,40.8262],[8.5205,40.827],[8.5984,40.853],[8.6343,40.8816],[8.641,40.8965],[8.7092,40.9206],[8.7644,40.9138],[8.8225,40.9473],[8.888,41.0163],[8.8811,41.0237],[8.9227,41.0368],[8.9401,41.0612],[8.9907,41.0974],[9.0055,41.1219],[9.1078,41.1395],[9.1356,41.1603],[9.1419,41.1528],[9.1634,41.1841],[9.1629,41.2254],[9.1711,41.2429],[9.2306,41.2626],[9.2383,41.2488],[9.2578,41.2497],[9.2681,41.2366],[9.2674,41.202],[9.2783,41.195],[9.2749,41.2124],[9.2853,41.2217],[9.2853,41.195],[9.3125,41.2012],[9.333,41.1876],[9.3352,41.2117],[9.3882,41.1807],[9.3882,41.1876],[9.4224,41.1807],[9.4087,41.1603],[9.4429,41.133],[9.4368,41.1154],[9.4429,41.092],[9.4701,41.1261],[9.4566,41.1404],[9.4691,41.1462],[9.5081,41.1404],[9.5239,41.1497],[9.5322,41.1404],[9.5247,41.133],[9.5462,41.1209],[9.5596,41.1261],[9.5664,41.1193],[9.5623,41.0971],[9.5459,41.0777],[9.5391,41.092],[9.5119,41.0163],[9.5322,41.0163],[9.5247,41.0305],[9.5431,41.0369],[9.5542,41.0346],[9.5576,41.0251],[9.5527,41.0095],[9.5596,41.0163],[9.5733,41.0095],[9.5881,41.0207],[9.6157,41.0196],[9.6626,41.0026],[9.6512,40.9911],[9.6043,41.0026],[9.5876,40.9958],[9.5789,40.962],[9.5664,40.9486],[9.5711,40.9349],[9.5119,40.9343],[9.5042,40.9269],[9.512,40.9152],[9.5391,40.9206],[9.5733,40.9064],[9.6226,40.9238],[9.6421,40.9206],[9.6141,40.8934],[9.6558,40.876],[9.6633,40.8582],[9.6831,40.8654],[9.6994,40.85],[9.724,40.8449],[9.681,40.8298],[9.6898,40.8108],[9.6745,40.8139],[9.6579,40.7999],[9.6688,40.7904],[9.6698,40.8015],[9.7039,40.7594],[9.7142,40.7272],[9.7445,40.6805],[9.7565,40.5952],[9.7819,40.582],[9.7922,40.557]]],[[[10.8958,42.3867],[10.9135,42.3752],[10.9398,42.3307],[10.9233,42.3187],[10.9089,42.3253],[10.8618,42.3663],[10.8764,42.3744],[10.883,42.3922],[10.8958,42.3867]]],[[[10.4434,42.8454],[10.4312,42.8279],[10.4367,42.8044],[10.43,42.7876],[10.3888,42.7635],[10.4251,42.7408],[10.4307,42.7221],[10.4155,42.7089],[10.411,42.718],[10.3814,42.7226],[10.3643,42.7498],[10.3379,42.7648],[10.325,42.7648],[10.3137,42.743],[10.3045,42.7598],[10.2654,42.7446],[10.2454,42.7573],[10.2352,42.7359],[10.1472,42.7373],[10.1068,42.7574],[10.1014,42.784],[10.1117,42.8013],[10.1582,42.8173],[10.2659,42.8044],[10.259,42.8119],[10.2721,42.8188],[10.2721,42.8273],[10.3268,42.8262],[10.3221,42.8117],[10.3473,42.8059],[10.3814,42.8324],[10.3999,42.8688],[10.4124,42.8734],[10.431,42.8644],[10.4434,42.8454]]],[[[9.8401,43.0652],[9.8548,43.0443],[9.823,43.0085],[9.8015,43.0078],[9.7846,43.0284],[9.8069,43.0664],[9.8258,43.0746],[9.8401,43.0652]]],[[[12.3521,45.4055],[12.3892,45.4335],[12.4309,45.4157],[12.4048,45.4223],[12.3762,45.4226],[12.3215,45.348],[12.3279,45.3723],[12.3521,45.4055]]],[[[12.8599,35.8722],[12.874,35.8664],[12.8767,35.8559],[12.8569,35.8523],[12.8459,35.8627],[12.8599,35.8722]]],[[[14.3464,38.5351],[14.3428,38.5473],[14.3572,38.5512],[14.3608,38.539],[14.3464,38.5351]]],[[[14.576,38.5766],[14.5855,38.5574],[14.5516,38.5616],[14.5425,38.5869],[14.576,38.5766]]],[[[13.1693,38.7173],[13.1857,38.7175],[13.1974,38.7083],[13.1652,38.6911],[13.1535,38.6948],[13.1531,38.7023],[13.1693,38.7173]]],[[[15.2278,38.8103],[15.2393,38.804],[15.2297,38.783],[15.2175,38.773],[15.2061,38.7752],[15.187,38.7927],[15.2121,38.8105],[15.2278,38.8103]]],[[[13.419,40.7956],[13.432,40.8015],[13.4269,40.7908],[13.4147,40.7859],[13.419,40.7956]]],[[[12.6218,35.5098],[12.6213,35.4923],[12.6111,35.4892],[12.5361,35.5126],[12.5261,35.5167],[12.5339,35.5216],[12.5557,35.5212],[12.6218,35.5098]]],[[[12.0723,37.9679],[12.0793,37.9503],[12.0648,37.9508],[12.0371,37.9737],[12.0304,37.9844],[12.036,37.991],[12.0536,37.9924],[12.0723,37.9679]]],[[[9.4748,41.2361],[9.4749,41.1793],[9.4644,41.1727],[9.4487,41.1855],[9.437,41.1859],[9.4478,41.2051],[9.4465,41.2204],[9.46,41.2424],[9.4748,41.2361]]],[[[9.4309,41.2248],[9.4353,41.217],[9.377,41.2133],[9.3731,41.2299],[9.3963,41.2477],[9.398,41.256],[9.4219,41.2609],[9.4309,41.2248]]],[[[10.297,42.3449],[10.3064,42.3515],[10.3159,42.3408],[10.3132,42.3239],[10.2944,42.328],[10.297,42.3449]]],[[[10.0916,42.5958],[10.0979,42.5839],[10.0858,42.5725],[10.0503,42.5819],[10.0794,42.6139],[10.0916,42.5958]]],[[[12.3298,45.4588],[12.3638,45.4497],[12.3621,45.4381],[12.3522,45.434],[12.3206,45.4298],[12.3166,45.4431],[12.3298,45.4588]]]]}},{"type":"Feature","properties":{"cc":"LI"},"geometry":{"type":"MultiPolygon","coordinates":[[[[9.5212,47.2628],[9.5471,47.243],[9.5404,47.2291],[9.5629,47.1977],[9.5521,47.1669],[9.5818,47.1549],[9.6056,47.1323],[9.6157,47.1068],[9.6088,47.0808],[9.5812,47.0569],[9.5606,47.0524],[9.477,47.0639],[9.4759,47.0732],[9.5124,47.108],[9.5119,47.1294],[9.485,47.1763],[9.4874,47.21],[9.5212,47.2628]]]]}},{"type":"Feature","properties":{"cc":"LU"},"geometry":{"type":"MultiPolygon","coordinates":[[[[6.1175,50.1205],[6.0964,50.0486],[6.1619,49.9425],[6.3026,49.8349],[6.4972,49.7994],[6.4997,49.7122],[6.4027,49.6558],[6.4179,49.6391],[6.3508,49.5666],[6.3453,49.4553],[6.1936,49.4994],[5.9607,49.4413],[5.7907,49.5378],[5.8374,49.5611],[5.8855,49.6435],[5.8458,49.6666],[5.8502,49.714],[5.7277,49.8002],[5.7319,49.86],[5.7581,49.8582],[5.719,49.8914],[5.8126,49.9776],[5.8027,50.0025],[5.8724,50.0969],[5.9616,50.1656],[6.0842,50.1593],[6.1175,50.1205]]]]}},{"type":"Feature","properties":{"cc":"MC"},"geometry":{"type":"MultiPolygon","coordinates":[[[[7.4375,43.7434],[7.4043,43.718],[7.3673,43.7341],[7.407,43.7635],[7.4375,43.7434]]]]}},{"type":"Feature","properties":{"cc":"NL"},"geometry":{"type":"MultiPolygon","coordinates":[[[[7.1946,53.245],[7.1719,53.1377],[7.1928,52.998],[7.062,52.824],[7.0367,52.6474],[7.0185,52.626],[6.737,52.6347],[6.7018,52.6191],[6.704,52.5831],[6.7438,52.5597],[6.6717,52.5417],[6.7148,52.4616],[6.9002,52.4319],[6.9733,52.4514],[7.0482,52.3651],[7.0125,52.2849],[7.0263,52.2306],[6.673,52.0501],[6.8107,51.9606],[6.7167,51.8993],[6.4629,51.8484],[6.3785,51.8601],[6.3825,51.8276],[6.345,51.8211],[6.127,51.8967],[6.093,51.8853],[6.1561,51.8421],[5.9315,51.8156],[5.9641,51.7766],[5.9393,51.7319],[6.0121,51.7159],[6.0086,51.6812],[6.0992,51.6445],[6.0865,51.5955],[6.1933,51.5093],[6.2053,51.4584],[6.1936,51.3445],[6.0566,51.2117],[6.0608,51.1709],[6.1571,51.1793],[6.1263,51.1646],[6.1473,51.1523],[5.938,51.0309],[5.8525,51.0428],[5.8746,50.9654],[6.0037,50.9737],[5.9999,50.9294],[6.0637,50.9075],[6.0567,50.8527],[5.9688,50.7946],[5.9949,50.7499],[5.7066,50.7542],[5.7005,50.7956],[5.6245,50.8303],[5.764,50.9594],[5.7224,50.9594],[5.7776,51.0236],[5.7715,51.0581],[5.846,51.1034],[5.8291,51.1565],[5.5684,51.2077],[5.4932,51.2865],[5.2707,51.2618],[5.2154,51.2587],[5.1973,51.3083],[5.1229,51.3134],[5.0617,51.3843],[5.0799,51.4385],[5.0275,51.4768],[4.9103,51.3919],[4.7621,51.4134],[4.8227,51.4137],[4.8239,51.4756],[4.7787,51.4954],[4.6301,51.4182],[4.5406,51.4201],[4.5252,51.4759],[4.4831,51.4743],[4.3771,51.4429],[4.4162,51.374],[4.3922,51.3504],[4.2611,51.3694],[4.2347,51.419],[4.1111,51.407],[3.9988,51.4531],[3.8272,51.3911],[3.6897,51.4543],[3.5354,51.4592],[3.451,51.5297],[3.5604,51.5946],[3.8511,51.6108],[3.9058,51.5692],[3.8716,51.5494],[4.0159,51.5308],[4.1048,51.4457],[4.2832,51.4477],[4.2678,51.5083],[4.0913,51.5351],[3.9881,51.5903],[4.0677,51.6107],[4.2073,51.5903],[4.113,51.6394],[4.1126,51.6708],[4.1769,51.6859],[4.0715,51.7172],[3.9815,51.81],[3.8716,51.7883],[3.8623,51.8161],[4.0776,51.8436],[4.0321,51.882],[4.0156,51.9877],[4.1419,52.0056],[4.5081,52.3364],[4.5969,52.5066],[4.7339,52.9589],[4.8169,52.9676],[4.8094,52.9296],[4.8738,52.904],[5.0781,52.954],[5.3792,53.0974],[5.4474,53.2209],[5.5916,53.3028],[5.9808,53.4061],[6.3115,53.399],[6.4944,53.4387],[6.8291,53.4506],[6.8669,53.4343],[6.9006,53.3518],[7.0855,53.3096],[7.0807,53.2668],[7.1946,53.245]]],[[[3.3494,51.3752],[3.5414,51.4167],[3.834,51.3432],[4.0057,51.4098],[4.1219,51.3594],[4.2215,51.368],[4.2079,51.3306],[3.9495,51.2108],[3.8087,51.2053],[3.7762,51.2545],[3.6095,51.2904],[3.5143,51.281],[3.5012,51.2403],[3.3917,51.2468],[3.3532,51.2886],[3.3494,51.3752]]],[[[4.0366,51.6859],[4.0973,51.6702],[4.089,51.644],[3.9603,51.6238],[3.7959,51.7001],[3.7,51.6806],[3.6895,51.725],[3.7258,51.7397],[3.9396,51.7412],[4.0366,51.6859]]],[[[4.8926,53.111],[4.9131,53.1048],[4.8652,53.0502],[4.762,52.9943],[4.7077,53.0285],[4.7585,53.1085],[4.8543,53.1877],[4.8898,53.1809],[4.8926,53.111]]],[[[4.8789,53.2209],[4.9865,53.29],[5.0781,53.3028],[4.8789,53.2209]]],[[[5.4236,53.4304],[5.5853,53.4536],[5.3825,53.3947],[5.2083,53.3527],[5.1799,53.3531],[5.1789,53.3854],[5.4236,53.4304]]],[[[5.674,53.4679],[5.9546,53.4611],[5.679,53.4301],[5.6361,53.4487],[5.674,53.4679]]],[[[6.2118,53.5089],[6.3387,53.502],[6.1275,53.4599],[6.1228,53.4816],[6.2118,53.5089]]],[[[6.4412,53.5566],[6.4551,53.5581],[6.5101,53.5436],[6.5056,53.5438],[6.502,53.5425],[6.4989,53.54],[6.4964,53.5362],[6.4607,53.5434],[6.443,53.55],[6.4412,53.5566]]]]}},{"type":"Feature","properties":{"cc":"PL"},"geometry":{"type":"MultiPolygon","coordinates":[[[[18.8332,49.5103],[18.7884,49.6686],[18.6177,49.7139],[18.5668,49.8048],[18.5938,49.8522],[18.5592,49.9072],[18.4818,49.8966],[18.3688,49.932],[18.2925,49.9078],[18.0024,50.0468],[18.0324,50.0028],[17.8394,49.9736],[17.7633,50.0252],[17.732,50.0949],[17.6328,50.1063],[17.5894,50.1632],[17.7476,50.2175],[17.708,50.311],[17.6295,50.2621],[17.4694,50.2656],[17.4242,50.2406],[17.388,50.2726],[17.3417,50.2597],[17.3375,50.313],[17.2109,50.3364],[17.1876,50.3785],[16.893,50.4329],[16.8659,50.4084],[17.0148,50.2185],[16.9603,50.232],[16.8177,50.1868],[16.6606,50.093],[16.5667,50.1422],[16.535,50.2077],[16.3532,50.3335],[16.3437,50.37],[16.2625,50.3644],[16.1996,50.4063],[16.2112,50.4513],[16.3526,50.4928],[16.4259,50.5676],[16.3316,50.644],[16.232,50.6609],[16.1755,50.6241],[16.0865,50.6468],[15.982,50.6036],[15.9986,50.6356],[15.9715,50.6786],[15.8482,50.6752],[15.7922,50.7427],[15.6843,50.7314],[15.4418,50.8002],[15.3561,50.7755],[15.341,50.8317],[15.2561,50.8999],[15.2698,50.9527],[15.1444,51.0116],[15.1079,50.981],[15.004,51.0207],[14.961,50.9927],[14.9966,50.9592],[14.9821,50.8591],[14.8104,50.8584],[14.9553,51.064],[15.0195,51.2717],[14.9638,51.3284],[14.9451,51.4492],[14.71,51.5302],[14.7439,51.6066],[14.7325,51.6583],[14.5858,51.8039],[14.6871,51.9119],[14.6991,51.9925],[14.7614,52.0767],[14.6864,52.121],[14.7124,52.2359],[14.5842,52.2912],[14.5454,52.3822],[14.5398,52.4219],[14.6323,52.4967],[14.6091,52.5178],[14.6448,52.5769],[14.3822,52.7382],[14.1239,52.8507],[14.165,52.8957],[14.1445,52.9599],[14.3433,53.0486],[14.3895,53.1317],[14.3807,53.1899],[14.4416,53.2518],[14.4033,53.2788],[14.3599,53.4441],[14.3042,53.5085],[14.2639,53.7],[14.3049,53.7126],[14.2942,53.7491],[14.531,53.6578],[14.5906,53.5984],[14.6238,53.6528],[14.5759,53.6597],[14.5449,53.704],[14.5759,53.7695],[14.6238,53.7695],[14.6306,53.8515],[14.5871,53.8126],[14.5759,53.8548],[14.4412,53.8696],[14.4319,53.9062],[14.363,53.8794],[14.4177,53.8651],[14.4053,53.8442],[14.3189,53.8182],[14.1753,53.9065],[14.2101,53.9385],[14.4067,53.9218],[14.7819,54.0346],[15.8597,54.25],[16.1315,54.2835],[16.0693,54.263],[16.1792,54.263],[16.2152,54.2996],[16.1377,54.2903],[16.2754,54.3586],[16.2318,54.3226],[16.3239,54.3499],[16.3249,54.3731],[16.2816,54.3586],[16.4398,54.4883],[16.4734,54.4821],[16.4461,54.4883],[16.5013,54.5324],[16.9022,54.5981],[17.0358,54.6671],[17.3374,54.749],[17.8854,54.8241],[18.3169,54.8383],[18.7517,54.6901],[18.814,54.6432],[18.8176,54.5981],[18.7078,54.7012],[18.4478,54.79],[18.4131,54.7319],[18.4745,54.6876],[18.4759,54.6401],[18.523,54.6466],[18.5881,54.4337],[18.8859,54.3502],[19.3772,54.3776],[19.6095,54.4567],[22.6984,54.3429],[22.8376,54.4009],[22.9627,54.3817],[23.0416,54.341],[23.0501,54.2948],[23.1171,54.3035],[23.316,54.2363],[23.449,54.1549],[23.4962,54.0446],[23.4586,53.9816],[23.5909,53.6113],[23.8006,53.2425],[23.8937,53.152],[23.8593,53.068],[23.9113,53.0051],[23.9088,52.6999],[23.7362,52.6149],[23.569,52.5859],[23.3923,52.5096],[23.1656,52.2894],[23.1897,52.2405],[23.4877,52.1816],[23.5125,52.1244],[23.6375,52.0845],[23.6764,51.9941],[23.5946,51.8433],[23.6175,51.7865],[23.5523,51.7366],[23.5434,51.5927],[23.6148,51.4972],[23.6628,51.4802],[23.6487,51.454],[23.6976,51.4044],[23.6352,51.3047],[23.8636,51.1483],[23.9117,51.0068],[23.9793,50.9375],[24.1432,50.8564],[23.9576,50.808],[24.0259,50.767],[24.0269,50.728],[24.081,50.713],[24.1077,50.5408],[24.0107,50.4928],[23.9813,50.4048],[23.6822,50.3682],[23.6442,50.3127],[23.1015,49.9571],[22.6658,49.5674],[22.6409,49.5288],[22.7198,49.383],[22.7378,49.2754],[22.6817,49.1612],[22.8534,49.0848],[22.8553,48.994],[22.7553,49.0447],[22.3901,49.093],[22.2159,49.14],[22.198,49.172],[22.0408,49.1975],[21.9284,49.3308],[21.8196,49.3772],[21.7576,49.3489],[21.6012,49.4265],[21.4279,49.4098],[21.2605,49.4494],[21.1941,49.4006],[21.0688,49.4192],[21.0333,49.3997],[21.0725,49.3572],[20.919,49.2903],[20.7783,49.3312],[20.6895,49.4005],[20.544,49.3708],[20.4375,49.4025],[20.3177,49.3916],[20.2844,49.3386],[20.1359,49.3089],[20.0505,49.1732],[19.9379,49.2251],[19.832,49.1859],[19.7607,49.1942],[19.7518,49.2191],[19.8086,49.2709],[19.7797,49.2934],[19.7693,49.3931],[19.627,49.4019],[19.6348,49.4413],[19.5568,49.4539],[19.4573,49.5981],[19.2341,49.5072],[19.1417,49.3942],[18.9623,49.3892],[18.9611,49.4928],[18.8332,49.5103]]]]}},{"type":"Feature","properties":{"cc":"SI"},"geometry":{"type":"MultiPolygon","coordinates":[[[[13.6429,45.4594],[13.5686,45.5393],[13.7529,45.5529],[13.7118,45.5932],[13.8478,45.5847],[13.8947,45.6318],[13.7787,45.7434],[13.5813,45.8092],[13.6059,45.9854],[13.5094,45.9674],[13.4618,46.0064],[13.5051,46.066],[13.6164,46.125],[13.6374,46.1804],[13.4683,46.2234],[13.4101,46.208],[13.3653,46.2903],[13.6002,46.4426],[13.6775,46.4521],[13.701,46.5197],[14.05,46.4844],[14.1499,46.4401],[14.4065,46.4393],[14.5022,46.4184],[14.5403,46.3786],[14.5901,46.4344],[14.7886,46.5066],[14.8504,46.6011],[14.9336,46.6211],[14.9672,46.6003],[15.062,46.6496],[15.3881,46.6456],[15.4627,46.6146],[15.546,46.6719],[15.627,46.6809],[15.636,46.7176],[15.8507,46.7245],[16.0167,46.6707],[15.9705,46.743],[15.972,46.8206],[16.094,46.8628],[16.3253,46.8394],[16.2982,46.7758],[16.3714,46.6949],[16.4105,46.6684],[16.3764,46.6291],[16.5008,46.5448],[16.5153,46.5017],[16.3441,46.547],[16.2349,46.4933],[16.2756,46.3732],[16.058,46.3775],[16.0596,46.3323],[16.0192,46.2988],[15.6228,46.1917],[15.5899,46.1135],[15.698,46.0362],[15.6594,45.8888],[15.6761,45.8417],[15.4513,45.8151],[15.4291,45.7753],[15.255,45.7235],[15.3738,45.6402],[15.2686,45.6017],[15.2967,45.523],[15.3614,45.482],[15.3252,45.4528],[15.1393,45.43],[14.9226,45.5149],[14.8816,45.4698],[14.7972,45.4652],[14.6685,45.534],[14.5809,45.6678],[14.4986,45.5962],[14.4689,45.5256],[14.3728,45.4778],[14.2187,45.4972],[14.0929,45.4739],[13.9719,45.5142],[13.9826,45.4753],[13.889,45.4236],[13.7593,45.4632],[13.6429,45.4594]]]]}},{"type":"Feature","properties":{"cc":"SK"},"geometry":{"type":"MultiPolygon","coordinates":[[[[22.5396,49.0722],[22.5205,48.9929],[22.449,48.9714],[22.3689,48.8565],[22.3103,48.6817],[22.1387,48.5696],[22.1328,48.4048],[22.0965,48.3794],[21.7277,48.3409],[21.5917,48.493],[21.4246,48.5613],[21.3218,48.5476],[21.2618,48.5032],[21.1093,48.4891],[20.8003,48.5692],[20.5105,48.5338],[20.3243,48.2799],[20.1345,48.2467],[20.1053,48.2028],[19.9286,48.1301],[19.7761,48.1495],[19.7566,48.2003],[19.6232,48.227],[19.514,48.204],[19.4817,48.1113],[19.4282,48.0859],[18.8385,48.04],[18.7432,47.9711],[18.7488,47.8707],[18.8165,47.8326],[18.6928,47.778],[17.8257,47.75],[17.5726,47.8295],[17.3379,47.9987],[17.0697,48.0357],[17.0802,48.0976],[16.9819,48.1613],[16.9543,48.2731],[16.8445,48.3656],[16.9065,48.5099],[16.9469,48.5397],[16.9475,48.6232],[17.0253,48.7463],[17.1137,48.8339],[17.2122,48.8661],[17.5351,48.813],[17.8603,48.9217],[17.9141,49.0105],[18.0461,49.0292],[18.0963,49.0703],[18.1051,49.1698],[18.1606,49.2587],[18.3852,49.3423],[18.3876,49.3898],[18.5147,49.4406],[18.5356,49.4817],[18.9322,49.5043],[18.9611,49.4928],[18.9623,49.3892],[19.1417,49.3942],[19.2341,49.5072],[19.3395,49.5288],[19.4434,49.6018],[19.5052,49.5634],[19.5568,49.4539],[19.6348,49.4413],[19.627,49.4019],[19.7693,49.3931],[19.7797,49.2934],[19.8086,49.2709],[19.7478,49.2059],[19.7859,49.1882],[19.9379,49.2251],[20.0505,49.1732],[20.1359,49.3089],[20.2844,49.3386],[20.3177,49.3916],[20.4375,49.4025],[20.544,49.3708],[20.6895,49.4005],[20.7783,49.3312],[20.919,49.2903],[21.0725,49.3572],[21.0333,49.3997],[21.0535,49.4145],[21.1941,49.4006],[21.2605,49.4494],[21.4279,49.4098],[21.6199,49.4233],[21.7576,49.3489],[21.8196,49.3772],[21.9645,49.3086],[22.0408,49.1975],[22.5396,49.0722]]]]}},{"type":"Feature","properties":{"cc":"SM"},"geometry":{"type":"MultiPolygon","coordinates":[[[[12.4294,43.8921],[12.3856,43.9245],[12.3957,43.9484],[12.4822,43.9826],[12.4924,43.9564],[12.4294,43.8921]]]]}}]}